../data/V/V1,Ericson2018figure5,Ericson2018figure5_0,0,"([0,3,6,9,12,15,18,21,24,27],0,1) :",True,True,
../data/V/V1,Ericson2018figure5,Ericson2018figure5_0,0,"([0,3,6,9,12,15,18,21,24,27],0,2) :",True,True,
../data/V/V1,Ericson2018figure5,Ericson2018figure5_0,0,"([0,3,6,9,12,15,18,21,24,27],0,3) :",True,True,
../data/V/V1,Ericson2018figure5,Ericson2018figure5_0,0,"([0,3,6,9,12,15,18,21,24,27],0,4) :",False,False,
../data/V/V1,Ericson2018figure5,Ericson2018figure5_0,0,"([0,3,6,9,12,15,18,21,24,27],0,5) :",False,False,
../data/V/V1,Ericson2018figure5,Ericson2018figure5_0,0,"([0,3,6,9,12,15,18,21,24,27],1,5) :",False,False,
../data/V/V1,Ericson2018figure5,Ericson2018figure5_0,0,"([0,3,6,9,12,15,18,21,24,27],2.6) :",False,False,
../data/V/V1,Ericson2018figure5,Ericson2018figure5_0,0,"([0,3,6,9,12,15,18,21,24,27],2.6) :",False,False,
../data/V/V1,Ericson2018figure5,Ericson2018figure5_0,0,"([1,1,1,1,-10],0,4) =F",False,False,
../data/V/V1,Ericson2018figure5,Ericson2018figure5_0,0,"([1,1,1,1,-9],0,4) =T",True,True,
../data/V/V1,Ericson2018figure5,Ericson2018figure5_0,0,"([1,1,1,1,10],0,4) =T",True,True,
../data/V/V1,Ericson2018figure5,Ericson2018figure5_0,0,"([1,1,1,1,11],0,4) =T",True,True,
../data/V/V1,Ericson2018figure5,Ericson2018figure5_0,0,"([1,1,1,1,12],0,4) =F",False,False,
../data/V/V1,Ericson2018figure5,Ericson2018figure5_0,0,"([1,1,1,1,9],0,2) =T",True,True,
../data/V/V1,Ericson2018figure5,Ericson2018figure5_0,0,"([1,1,1,1,9],0,3) =T",True,True,
../data/V/V1,Ericson2018figure5,Ericson2018figure5_0,0,"([1,1,1,1,9],0,4) =T",True,True,
../data/V/V1,Ericson2018figure5,Ericson2018figure5_0,0,"([1,1,1,9],0,2) =T",True,True,
../data/V/V1,Ericson2018figure5,Ericson2018figure5_0,0,"([1,1,1],0,0) =T",True,True,
../data/V/V1,Ericson2018figure5,Ericson2018figure5_0,0,"([1,1,1],0,1) =T",True,True,
../data/V/V1,Ericson2018figure5,Ericson2018figure5_0,0,"([1,1,99],0,0) =T",True,True,
../data/V/V1,Ericson2018figure5,Ericson2018figure5_0,0,"([1,1,99],0,1) =T",True,True,
../data/V/V1,Ericson2018figure5,Ericson2018figure5_0,0,"([1,1,99],0,2) =F",False,False,
../data/V/V1,Ericson2018figure5,Ericson2018figure5_0,0,"([1,1,9],0,2) =T",True,True,
../data/V/V1,Ericson2018figure5,Ericson2018figure5_0,0,"([1],0,0) = T",True,True,
../data/V/V1,Ericson2018figure5,Ericson2018figure5_1,0,"([0,3,6,9,12,15,18,21,24,27],0,1) :",True,True,
../data/V/V1,Ericson2018figure5,Ericson2018figure5_1,0,"([0,3,6,9,12,15,18,21,24,27],0,2) :",True,True,
../data/V/V1,Ericson2018figure5,Ericson2018figure5_1,0,"([0,3,6,9,12,15,18,21,24,27],0,3) :",True,True,
../data/V/V1,Ericson2018figure5,Ericson2018figure5_1,0,"([0,3,6,9,12,15,18,21,24,27],0,4) :",False,False,
../data/V/V1,Ericson2018figure5,Ericson2018figure5_1,0,"([0,3,6,9,12,15,18,21,24,27],0,5) :",False,False,
../data/V/V1,Ericson2018figure5,Ericson2018figure5_1,0,"([0,3,6,9,12,15,18,21,24,27],1,5) :",False,False,
../data/V/V1,Ericson2018figure5,Ericson2018figure5_1,0,"([0,3,6,9,12,15,18,21,24,27],2.6) :",False,False,
../data/V/V1,Ericson2018figure5,Ericson2018figure5_1,0,"([0,3,6,9,12,15,18,21,24,27],2.6) :",False,False,
../data/V/V1,Ericson2018figure5,Ericson2018figure5_1,0,"([1,1,1,1,-10],0,4) =F",False,False,
../data/V/V1,Ericson2018figure5,Ericson2018figure5_1,0,"([1,1,1,1,-9],0,4) =T",True,True,
../data/V/V1,Ericson2018figure5,Ericson2018figure5_1,0,"([1,1,1,1,10],0,4) =T",True,True,
../data/V/V1,Ericson2018figure5,Ericson2018figure5_1,0,"([1,1,1,1,11],0,4) =T",True,True,
../data/V/V1,Ericson2018figure5,Ericson2018figure5_1,0,"([1,1,1,1,12],0,4) =F",False,False,
../data/V/V1,Ericson2018figure5,Ericson2018figure5_1,0,"([1,1,1,1,9],0,2) =T",True,True,
../data/V/V1,Ericson2018figure5,Ericson2018figure5_1,0,"([1,1,1,1,9],0,3) =T",True,True,
../data/V/V1,Ericson2018figure5,Ericson2018figure5_1,0,"([1,1,1,1,9],0,4) =T",True,True,
../data/V/V1,Ericson2018figure5,Ericson2018figure5_1,0,"([1,1,1,9],0,2) =T",True,True,
../data/V/V1,Ericson2018figure5,Ericson2018figure5_1,0,"([1,1,1],0,0) =T",True,True,
../data/V/V1,Ericson2018figure5,Ericson2018figure5_1,0,"([1,1,1],0,1) =T",True,True,
../data/V/V1,Ericson2018figure5,Ericson2018figure5_1,0,"([1,1,99],0,0) =T",True,True,
../data/V/V1,Ericson2018figure5,Ericson2018figure5_1,0,"([1,1,99],0,1) =T",True,True,
../data/V/V1,Ericson2018figure5,Ericson2018figure5_1,0,"([1,1,99],0,2) =F",False,False,
../data/V/V1,Ericson2018figure5,Ericson2018figure5_1,0,"([1,1,9],0,2) =T",True,True,
../data/V/V1,Ericson2018figure5,Ericson2018figure5_1,0,"([1],0,0) = T",True,True,
../data/V/V1,Ericson2018figure5,Ericson2018figure5_10,0,"([0,3,6,9,12,15,18,21,24,27],0,1) :",True,True,
../data/V/V1,Ericson2018figure5,Ericson2018figure5_10,0,"([0,3,6,9,12,15,18,21,24,27],0,2) :",True,True,
../data/V/V1,Ericson2018figure5,Ericson2018figure5_10,0,"([0,3,6,9,12,15,18,21,24,27],0,3) :",True,True,
../data/V/V1,Ericson2018figure5,Ericson2018figure5_10,0,"([0,3,6,9,12,15,18,21,24,27],0,4) :",False,False,
../data/V/V1,Ericson2018figure5,Ericson2018figure5_10,0,"([0,3,6,9,12,15,18,21,24,27],0,5) :",False,False,
../data/V/V1,Ericson2018figure5,Ericson2018figure5_10,0,"([0,3,6,9,12,15,18,21,24,27],1,5) :",False,False,
../data/V/V1,Ericson2018figure5,Ericson2018figure5_10,0,"([0,3,6,9,12,15,18,21,24,27],2.6) :",False,False,
../data/V/V1,Ericson2018figure5,Ericson2018figure5_10,0,"([0,3,6,9,12,15,18,21,24,27],2.6) :",False,False,
../data/V/V1,Ericson2018figure5,Ericson2018figure5_10,0,"([1,1,1,1,-10],0,4) =F",False,False,
../data/V/V1,Ericson2018figure5,Ericson2018figure5_10,0,"([1,1,1,1,-9],0,4) =T",True,True,
../data/V/V1,Ericson2018figure5,Ericson2018figure5_10,0,"([1,1,1,1,10],0,4) =T",True,True,
../data/V/V1,Ericson2018figure5,Ericson2018figure5_10,0,"([1,1,1,1,11],0,4) =T",True,True,
../data/V/V1,Ericson2018figure5,Ericson2018figure5_10,0,"([1,1,1,1,12],0,4) =F",False,False,
../data/V/V1,Ericson2018figure5,Ericson2018figure5_10,0,"([1,1,1,1,9],0,2) =T",True,True,
../data/V/V1,Ericson2018figure5,Ericson2018figure5_10,0,"([1,1,1,1,9],0,3) =T",True,True,
../data/V/V1,Ericson2018figure5,Ericson2018figure5_10,0,"([1,1,1,1,9],0,4) =T",True,True,
../data/V/V1,Ericson2018figure5,Ericson2018figure5_10,0,"([1,1,1,9],0,2) =T",True,True,
../data/V/V1,Ericson2018figure5,Ericson2018figure5_10,0,"([1,1,1],0,0) =T",True,True,
../data/V/V1,Ericson2018figure5,Ericson2018figure5_10,0,"([1,1,1],0,1) =T",True,True,
../data/V/V1,Ericson2018figure5,Ericson2018figure5_10,0,"([1,1,99],0,0) =T",True,True,
../data/V/V1,Ericson2018figure5,Ericson2018figure5_10,0,"([1,1,99],0,1) =T",True,True,
../data/V/V1,Ericson2018figure5,Ericson2018figure5_10,0,"([1,1,99],0,2) =F",False,False,
../data/V/V1,Ericson2018figure5,Ericson2018figure5_10,0,"([1,1,9],0,2) =T",True,True,
../data/V/V1,Ericson2018figure5,Ericson2018figure5_10,0,"([1],0,0) = T",True,True,
../data/V/V1,Ericson2018figure5,Ericson2018figure5_11,0,"([0,3,6,9,12,15,18,21,24,27],0,1) :",True,True,
../data/V/V1,Ericson2018figure5,Ericson2018figure5_11,0,"([0,3,6,9,12,15,18,21,24,27],0,2) :",True,True,
../data/V/V1,Ericson2018figure5,Ericson2018figure5_11,0,"([0,3,6,9,12,15,18,21,24,27],0,3) :",True,True,
../data/V/V1,Ericson2018figure5,Ericson2018figure5_11,0,"([0,3,6,9,12,15,18,21,24,27],0,4) :",False,False,
../data/V/V1,Ericson2018figure5,Ericson2018figure5_11,0,"([0,3,6,9,12,15,18,21,24,27],0,5) :",False,False,
../data/V/V1,Ericson2018figure5,Ericson2018figure5_11,0,"([0,3,6,9,12,15,18,21,24,27],1,5) :",False,False,
../data/V/V1,Ericson2018figure5,Ericson2018figure5_11,0,"([0,3,6,9,12,15,18,21,24,27],2.6) :",False,False,
../data/V/V1,Ericson2018figure5,Ericson2018figure5_11,0,"([0,3,6,9,12,15,18,21,24,27],2.6) :",False,False,
../data/V/V1,Ericson2018figure5,Ericson2018figure5_11,0,"([1,1,1,1,-10],0,4) =F",False,False,
../data/V/V1,Ericson2018figure5,Ericson2018figure5_11,0,"([1,1,1,1,-9],0,4) =T",True,True,
../data/V/V1,Ericson2018figure5,Ericson2018figure5_11,0,"([1,1,1,1,10],0,4) =T",True,True,
../data/V/V1,Ericson2018figure5,Ericson2018figure5_11,0,"([1,1,1,1,11],0,4) =T",True,True,
../data/V/V1,Ericson2018figure5,Ericson2018figure5_11,0,"([1,1,1,1,12],0,4) =F",False,False,
../data/V/V1,Ericson2018figure5,Ericson2018figure5_11,0,"([1,1,1,1,9],0,2) =T",True,True,
../data/V/V1,Ericson2018figure5,Ericson2018figure5_11,0,"([1,1,1,1,9],0,3) =T",True,True,
../data/V/V1,Ericson2018figure5,Ericson2018figure5_11,0,"([1,1,1,1,9],0,4) =T",True,True,
../data/V/V1,Ericson2018figure5,Ericson2018figure5_11,0,"([1,1,1,9],0,2) =T",True,True,
../data/V/V1,Ericson2018figure5,Ericson2018figure5_11,0,"([1,1,1],0,0) =T",True,True,
../data/V/V1,Ericson2018figure5,Ericson2018figure5_11,0,"([1,1,1],0,1) =T",True,True,
../data/V/V1,Ericson2018figure5,Ericson2018figure5_11,0,"([1,1,99],0,0) =T",True,True,
../data/V/V1,Ericson2018figure5,Ericson2018figure5_11,0,"([1,1,99],0,1) =T",True,True,
../data/V/V1,Ericson2018figure5,Ericson2018figure5_11,0,"([1,1,99],0,2) =F",False,False,
../data/V/V1,Ericson2018figure5,Ericson2018figure5_11,0,"([1,1,9],0,2) =T",True,True,
../data/V/V1,Ericson2018figure5,Ericson2018figure5_11,0,"([1],0,0) = T",True,True,
../data/V/V1,Ericson2018figure5,Ericson2018figure5_12,0,"([0,3,6,9,12,15,18,21,24,27],0,1) :",True,True,
../data/V/V1,Ericson2018figure5,Ericson2018figure5_12,0,"([0,3,6,9,12,15,18,21,24,27],0,2) :",True,True,
../data/V/V1,Ericson2018figure5,Ericson2018figure5_12,0,"([0,3,6,9,12,15,18,21,24,27],0,3) :",True,True,
../data/V/V1,Ericson2018figure5,Ericson2018figure5_12,0,"([0,3,6,9,12,15,18,21,24,27],0,4) :",False,False,
../data/V/V1,Ericson2018figure5,Ericson2018figure5_12,0,"([0,3,6,9,12,15,18,21,24,27],0,5) :",False,False,
../data/V/V1,Ericson2018figure5,Ericson2018figure5_12,0,"([0,3,6,9,12,15,18,21,24,27],1,5) :",False,False,
../data/V/V1,Ericson2018figure5,Ericson2018figure5_12,0,"([0,3,6,9,12,15,18,21,24,27],2.6) :",False,False,
../data/V/V1,Ericson2018figure5,Ericson2018figure5_12,0,"([0,3,6,9,12,15,18,21,24,27],2.6) :",False,False,
../data/V/V1,Ericson2018figure5,Ericson2018figure5_12,0,"([1,1,1,1,-10],0,4) =F",False,False,
../data/V/V1,Ericson2018figure5,Ericson2018figure5_12,0,"([1,1,1,1,-9],0,4) =T",True,True,
../data/V/V1,Ericson2018figure5,Ericson2018figure5_12,0,"([1,1,1,1,10],0,4) =T",True,True,
../data/V/V1,Ericson2018figure5,Ericson2018figure5_12,0,"([1,1,1,1,11],0,4) =T",True,True,
../data/V/V1,Ericson2018figure5,Ericson2018figure5_12,0,"([1,1,1,1,12],0,4) =F",False,False,
../data/V/V1,Ericson2018figure5,Ericson2018figure5_12,0,"([1,1,1,1,9],0,2) =T",True,True,
../data/V/V1,Ericson2018figure5,Ericson2018figure5_12,0,"([1,1,1,1,9],0,3) =T",True,True,
../data/V/V1,Ericson2018figure5,Ericson2018figure5_12,0,"([1,1,1,1,9],0,4) =T",True,True,
../data/V/V1,Ericson2018figure5,Ericson2018figure5_12,0,"([1,1,1,9],0,2) =T",True,True,
../data/V/V1,Ericson2018figure5,Ericson2018figure5_12,0,"([1,1,1],0,0) =T",True,True,
../data/V/V1,Ericson2018figure5,Ericson2018figure5_12,0,"([1,1,1],0,1) =T",True,True,
../data/V/V1,Ericson2018figure5,Ericson2018figure5_12,0,"([1,1,99],0,0) =T",True,True,
../data/V/V1,Ericson2018figure5,Ericson2018figure5_12,0,"([1,1,99],0,1) =T",True,True,
../data/V/V1,Ericson2018figure5,Ericson2018figure5_12,0,"([1,1,99],0,2) =F",False,False,
../data/V/V1,Ericson2018figure5,Ericson2018figure5_12,0,"([1,1,9],0,2) =T",True,True,
../data/V/V1,Ericson2018figure5,Ericson2018figure5_12,0,"([1],0,0) = T",True,True,
../data/V/V1,Ericson2018figure5,Ericson2018figure5_13,0,"([0,3,6,9,12,15,18,21,24,27],0,1) :",True,True,
../data/V/V1,Ericson2018figure5,Ericson2018figure5_13,0,"([0,3,6,9,12,15,18,21,24,27],0,2) :",True,True,
../data/V/V1,Ericson2018figure5,Ericson2018figure5_13,0,"([0,3,6,9,12,15,18,21,24,27],0,3) :",True,True,
../data/V/V1,Ericson2018figure5,Ericson2018figure5_13,0,"([0,3,6,9,12,15,18,21,24,27],0,4) :",False,False,
../data/V/V1,Ericson2018figure5,Ericson2018figure5_13,0,"([0,3,6,9,12,15,18,21,24,27],0,5) :",False,False,
../data/V/V1,Ericson2018figure5,Ericson2018figure5_13,0,"([0,3,6,9,12,15,18,21,24,27],1,5) :",False,False,
../data/V/V1,Ericson2018figure5,Ericson2018figure5_13,0,"([0,3,6,9,12,15,18,21,24,27],2.6) :",False,False,
../data/V/V1,Ericson2018figure5,Ericson2018figure5_13,0,"([0,3,6,9,12,15,18,21,24,27],2.6) :",False,False,
../data/V/V1,Ericson2018figure5,Ericson2018figure5_13,0,"([1,1,1,1,-10],0,4) =F",False,False,
../data/V/V1,Ericson2018figure5,Ericson2018figure5_13,0,"([1,1,1,1,-9],0,4) =T",True,True,
../data/V/V1,Ericson2018figure5,Ericson2018figure5_13,0,"([1,1,1,1,10],0,4) =T",True,True,
../data/V/V1,Ericson2018figure5,Ericson2018figure5_13,0,"([1,1,1,1,11],0,4) =T",True,True,
../data/V/V1,Ericson2018figure5,Ericson2018figure5_13,0,"([1,1,1,1,12],0,4) =F",False,False,
../data/V/V1,Ericson2018figure5,Ericson2018figure5_13,0,"([1,1,1,1,9],0,2) =T",True,True,
../data/V/V1,Ericson2018figure5,Ericson2018figure5_13,0,"([1,1,1,1,9],0,3) =T",True,True,
../data/V/V1,Ericson2018figure5,Ericson2018figure5_13,0,"([1,1,1,1,9],0,4) =T",True,True,
../data/V/V1,Ericson2018figure5,Ericson2018figure5_13,0,"([1,1,1,9],0,2) =T",True,True,
../data/V/V1,Ericson2018figure5,Ericson2018figure5_13,0,"([1,1,1],0,0) =T",True,True,
../data/V/V1,Ericson2018figure5,Ericson2018figure5_13,0,"([1,1,1],0,1) =T",True,True,
../data/V/V1,Ericson2018figure5,Ericson2018figure5_13,0,"([1,1,99],0,0) =T",True,True,
../data/V/V1,Ericson2018figure5,Ericson2018figure5_13,0,"([1,1,99],0,1) =T",True,True,
../data/V/V1,Ericson2018figure5,Ericson2018figure5_13,0,"([1,1,99],0,2) =F",False,False,
../data/V/V1,Ericson2018figure5,Ericson2018figure5_13,0,"([1,1,9],0,2) =T",True,True,
../data/V/V1,Ericson2018figure5,Ericson2018figure5_13,0,"([1],0,0) = T",True,True,
../data/V/V1,Ericson2018figure5,Ericson2018figure5_14,0,"([0,3,6,9,12,15,18,21,24,27],0,1) :",True,True,
../data/V/V1,Ericson2018figure5,Ericson2018figure5_14,0,"([0,3,6,9,12,15,18,21,24,27],0,2) :",True,True,
../data/V/V1,Ericson2018figure5,Ericson2018figure5_14,0,"([0,3,6,9,12,15,18,21,24,27],0,3) :",True,True,
../data/V/V1,Ericson2018figure5,Ericson2018figure5_14,0,"([0,3,6,9,12,15,18,21,24,27],0,4) :",False,False,
../data/V/V1,Ericson2018figure5,Ericson2018figure5_14,0,"([0,3,6,9,12,15,18,21,24,27],0,5) :",False,False,
../data/V/V1,Ericson2018figure5,Ericson2018figure5_14,0,"([0,3,6,9,12,15,18,21,24,27],1,5) :",False,False,
../data/V/V1,Ericson2018figure5,Ericson2018figure5_14,0,"([0,3,6,9,12,15,18,21,24,27],2.6) :",False,False,
../data/V/V1,Ericson2018figure5,Ericson2018figure5_14,0,"([0,3,6,9,12,15,18,21,24,27],2.6) :",False,False,
../data/V/V1,Ericson2018figure5,Ericson2018figure5_14,0,"([1,1,1,1,-10],0,4) =F",False,False,
../data/V/V1,Ericson2018figure5,Ericson2018figure5_14,0,"([1,1,1,1,-9],0,4) =T",True,True,
../data/V/V1,Ericson2018figure5,Ericson2018figure5_14,0,"([1,1,1,1,10],0,4) =T",True,True,
../data/V/V1,Ericson2018figure5,Ericson2018figure5_14,0,"([1,1,1,1,11],0,4) =T",True,True,
../data/V/V1,Ericson2018figure5,Ericson2018figure5_14,0,"([1,1,1,1,12],0,4) =F",False,False,
../data/V/V1,Ericson2018figure5,Ericson2018figure5_14,0,"([1,1,1,1,9],0,2) =T",True,True,
../data/V/V1,Ericson2018figure5,Ericson2018figure5_14,0,"([1,1,1,1,9],0,3) =T",True,True,
../data/V/V1,Ericson2018figure5,Ericson2018figure5_14,0,"([1,1,1,1,9],0,4) =T",True,True,
../data/V/V1,Ericson2018figure5,Ericson2018figure5_14,0,"([1,1,1,9],0,2) =T",True,True,
../data/V/V1,Ericson2018figure5,Ericson2018figure5_14,0,"([1,1,1],0,0) =T",True,True,
../data/V/V1,Ericson2018figure5,Ericson2018figure5_14,0,"([1,1,1],0,1) =T",True,True,
../data/V/V1,Ericson2018figure5,Ericson2018figure5_14,0,"([1,1,99],0,0) =T",True,True,
../data/V/V1,Ericson2018figure5,Ericson2018figure5_14,0,"([1,1,99],0,1) =T",True,True,
../data/V/V1,Ericson2018figure5,Ericson2018figure5_14,0,"([1,1,99],0,2) =F",False,False,
../data/V/V1,Ericson2018figure5,Ericson2018figure5_14,0,"([1,1,9],0,2) =T",True,True,
../data/V/V1,Ericson2018figure5,Ericson2018figure5_14,0,"([1],0,0) = T",True,True,
../data/V/V1,Ericson2018figure5,Ericson2018figure5_15,0,"([0,3,6,9,12,15,18,21,24,27],0,1) :",True,True,
../data/V/V1,Ericson2018figure5,Ericson2018figure5_15,0,"([0,3,6,9,12,15,18,21,24,27],0,2) :",True,True,
../data/V/V1,Ericson2018figure5,Ericson2018figure5_15,0,"([0,3,6,9,12,15,18,21,24,27],0,3) :",True,True,
../data/V/V1,Ericson2018figure5,Ericson2018figure5_15,0,"([0,3,6,9,12,15,18,21,24,27],0,4) :",False,False,
../data/V/V1,Ericson2018figure5,Ericson2018figure5_15,0,"([0,3,6,9,12,15,18,21,24,27],0,5) :",False,False,
../data/V/V1,Ericson2018figure5,Ericson2018figure5_15,0,"([0,3,6,9,12,15,18,21,24,27],1,5) :",False,False,
../data/V/V1,Ericson2018figure5,Ericson2018figure5_15,0,"([0,3,6,9,12,15,18,21,24,27],2.6) :",False,False,
../data/V/V1,Ericson2018figure5,Ericson2018figure5_15,0,"([0,3,6,9,12,15,18,21,24,27],2.6) :",False,False,
../data/V/V1,Ericson2018figure5,Ericson2018figure5_15,0,"([1,1,1,1,-10],0,4) =F",False,False,
../data/V/V1,Ericson2018figure5,Ericson2018figure5_15,0,"([1,1,1,1,-9],0,4) =T",True,True,
../data/V/V1,Ericson2018figure5,Ericson2018figure5_15,0,"([1,1,1,1,10],0,4) =T",True,True,
../data/V/V1,Ericson2018figure5,Ericson2018figure5_15,0,"([1,1,1,1,11],0,4) =T",True,True,
../data/V/V1,Ericson2018figure5,Ericson2018figure5_15,0,"([1,1,1,1,12],0,4) =F",False,False,
../data/V/V1,Ericson2018figure5,Ericson2018figure5_15,0,"([1,1,1,1,9],0,2) =T",True,True,
../data/V/V1,Ericson2018figure5,Ericson2018figure5_15,0,"([1,1,1,1,9],0,3) =T",True,True,
../data/V/V1,Ericson2018figure5,Ericson2018figure5_15,0,"([1,1,1,1,9],0,4) =T",True,True,
../data/V/V1,Ericson2018figure5,Ericson2018figure5_15,0,"([1,1,1,9],0,2) =T",True,True,
../data/V/V1,Ericson2018figure5,Ericson2018figure5_15,0,"([1,1,1],0,0) =T",True,True,
../data/V/V1,Ericson2018figure5,Ericson2018figure5_15,0,"([1,1,1],0,1) =T",True,True,
../data/V/V1,Ericson2018figure5,Ericson2018figure5_15,0,"([1,1,99],0,0) =T",True,True,
../data/V/V1,Ericson2018figure5,Ericson2018figure5_15,0,"([1,1,99],0,1) =T",True,True,
../data/V/V1,Ericson2018figure5,Ericson2018figure5_15,0,"([1,1,99],0,2) =F",False,False,
../data/V/V1,Ericson2018figure5,Ericson2018figure5_15,0,"([1,1,9],0,2) =T",True,True,
../data/V/V1,Ericson2018figure5,Ericson2018figure5_15,0,"([1],0,0) = T",True,True,
../data/V/V1,Ericson2018figure5,Ericson2018figure5_16,0,"([0,3,6,9,12,15,18,21,24,27],0,1) :",True,True,
../data/V/V1,Ericson2018figure5,Ericson2018figure5_16,0,"([0,3,6,9,12,15,18,21,24,27],0,2) :",True,True,
../data/V/V1,Ericson2018figure5,Ericson2018figure5_16,0,"([0,3,6,9,12,15,18,21,24,27],0,3) :",True,True,
../data/V/V1,Ericson2018figure5,Ericson2018figure5_16,0,"([0,3,6,9,12,15,18,21,24,27],0,4) :",False,False,
../data/V/V1,Ericson2018figure5,Ericson2018figure5_16,0,"([0,3,6,9,12,15,18,21,24,27],0,5) :",False,False,
../data/V/V1,Ericson2018figure5,Ericson2018figure5_16,0,"([0,3,6,9,12,15,18,21,24,27],1,5) :",False,False,
../data/V/V1,Ericson2018figure5,Ericson2018figure5_16,0,"([0,3,6,9,12,15,18,21,24,27],2.6) :",False,False,
../data/V/V1,Ericson2018figure5,Ericson2018figure5_16,0,"([0,3,6,9,12,15,18,21,24,27],2.6) :",False,False,
../data/V/V1,Ericson2018figure5,Ericson2018figure5_16,0,"([1,1,1,1,-10],0,4) =F",False,False,
../data/V/V1,Ericson2018figure5,Ericson2018figure5_16,0,"([1,1,1,1,-9],0,4) =T",True,True,
../data/V/V1,Ericson2018figure5,Ericson2018figure5_16,0,"([1,1,1,1,10],0,4) =T",True,True,
../data/V/V1,Ericson2018figure5,Ericson2018figure5_16,0,"([1,1,1,1,11],0,4) =T",True,True,
../data/V/V1,Ericson2018figure5,Ericson2018figure5_16,0,"([1,1,1,1,12],0,4) =F",False,False,
../data/V/V1,Ericson2018figure5,Ericson2018figure5_16,0,"([1,1,1,1,9],0,2) =T",True,True,
../data/V/V1,Ericson2018figure5,Ericson2018figure5_16,0,"([1,1,1,1,9],0,3) =T",True,True,
../data/V/V1,Ericson2018figure5,Ericson2018figure5_16,0,"([1,1,1,1,9],0,4) =T",True,True,
../data/V/V1,Ericson2018figure5,Ericson2018figure5_16,0,"([1,1,1,9],0,2) =T",True,True,
../data/V/V1,Ericson2018figure5,Ericson2018figure5_16,0,"([1,1,1],0,0) =T",True,True,
../data/V/V1,Ericson2018figure5,Ericson2018figure5_16,0,"([1,1,1],0,1) =T",True,True,
../data/V/V1,Ericson2018figure5,Ericson2018figure5_16,0,"([1,1,99],0,0) =T",True,True,
../data/V/V1,Ericson2018figure5,Ericson2018figure5_16,0,"([1,1,99],0,1) =T",True,True,
../data/V/V1,Ericson2018figure5,Ericson2018figure5_16,0,"([1,1,99],0,2) =F",False,False,
../data/V/V1,Ericson2018figure5,Ericson2018figure5_16,0,"([1,1,9],0,2) =T",True,True,
../data/V/V1,Ericson2018figure5,Ericson2018figure5_16,0,"([1],0,0) = T",True,True,
../data/V/V1,Ericson2018figure5,Ericson2018figure5_17,0,"([0,3,6,9,12,15,18,21,24,27],0,1) :",True,True,
../data/V/V1,Ericson2018figure5,Ericson2018figure5_17,0,"([0,3,6,9,12,15,18,21,24,27],0,2) :",True,True,
../data/V/V1,Ericson2018figure5,Ericson2018figure5_17,0,"([0,3,6,9,12,15,18,21,24,27],0,3) :",True,True,
../data/V/V1,Ericson2018figure5,Ericson2018figure5_17,0,"([0,3,6,9,12,15,18,21,24,27],0,4) :",False,False,
../data/V/V1,Ericson2018figure5,Ericson2018figure5_17,0,"([0,3,6,9,12,15,18,21,24,27],0,5) :",False,False,
../data/V/V1,Ericson2018figure5,Ericson2018figure5_17,0,"([0,3,6,9,12,15,18,21,24,27],1,5) :",False,False,
../data/V/V1,Ericson2018figure5,Ericson2018figure5_17,0,"([0,3,6,9,12,15,18,21,24,27],2.6) :",False,False,
../data/V/V1,Ericson2018figure5,Ericson2018figure5_17,0,"([0,3,6,9,12,15,18,21,24,27],2.6) :",False,False,
../data/V/V1,Ericson2018figure5,Ericson2018figure5_17,0,"([1,1,1,1,-10],0,4) =F",False,False,
../data/V/V1,Ericson2018figure5,Ericson2018figure5_17,0,"([1,1,1,1,-9],0,4) =T",True,True,
../data/V/V1,Ericson2018figure5,Ericson2018figure5_17,0,"([1,1,1,1,10],0,4) =T",True,True,
../data/V/V1,Ericson2018figure5,Ericson2018figure5_17,0,"([1,1,1,1,11],0,4) =T",True,True,
../data/V/V1,Ericson2018figure5,Ericson2018figure5_17,0,"([1,1,1,1,12],0,4) =F",False,False,
../data/V/V1,Ericson2018figure5,Ericson2018figure5_17,0,"([1,1,1,1,9],0,2) =T",True,True,
../data/V/V1,Ericson2018figure5,Ericson2018figure5_17,0,"([1,1,1,1,9],0,3) =T",True,True,
../data/V/V1,Ericson2018figure5,Ericson2018figure5_17,0,"([1,1,1,1,9],0,4) =T",True,True,
../data/V/V1,Ericson2018figure5,Ericson2018figure5_17,0,"([1,1,1,9],0,2) =T",True,True,
../data/V/V1,Ericson2018figure5,Ericson2018figure5_17,0,"([1,1,1],0,0) =T",True,True,
../data/V/V1,Ericson2018figure5,Ericson2018figure5_17,0,"([1,1,1],0,1) =T",True,True,
../data/V/V1,Ericson2018figure5,Ericson2018figure5_17,0,"([1,1,99],0,0) =T",True,True,
../data/V/V1,Ericson2018figure5,Ericson2018figure5_17,0,"([1,1,99],0,1) =T",True,True,
../data/V/V1,Ericson2018figure5,Ericson2018figure5_17,0,"([1,1,99],0,2) =F",False,False,
../data/V/V1,Ericson2018figure5,Ericson2018figure5_17,0,"([1,1,9],0,2) =T",True,True,
../data/V/V1,Ericson2018figure5,Ericson2018figure5_17,0,"([1],0,0) = T",True,True,
../data/V/V1,Ericson2018figure5,Ericson2018figure5_18,0,"([0,3,6,9,12,15,18,21,24,27],0,1) :",True,True,
../data/V/V1,Ericson2018figure5,Ericson2018figure5_18,0,"([0,3,6,9,12,15,18,21,24,27],0,2) :",True,True,
../data/V/V1,Ericson2018figure5,Ericson2018figure5_18,0,"([0,3,6,9,12,15,18,21,24,27],0,3) :",True,True,
../data/V/V1,Ericson2018figure5,Ericson2018figure5_18,0,"([0,3,6,9,12,15,18,21,24,27],0,4) :",False,False,
../data/V/V1,Ericson2018figure5,Ericson2018figure5_18,0,"([0,3,6,9,12,15,18,21,24,27],0,5) :",False,False,
../data/V/V1,Ericson2018figure5,Ericson2018figure5_18,0,"([0,3,6,9,12,15,18,21,24,27],1,5) :",False,False,
../data/V/V1,Ericson2018figure5,Ericson2018figure5_18,0,"([0,3,6,9,12,15,18,21,24,27],2.6) :",False,False,
../data/V/V1,Ericson2018figure5,Ericson2018figure5_18,0,"([0,3,6,9,12,15,18,21,24,27],2.6) :",False,False,
../data/V/V1,Ericson2018figure5,Ericson2018figure5_18,0,"([1,1,1,1,-10],0,4) =F",False,False,
../data/V/V1,Ericson2018figure5,Ericson2018figure5_18,0,"([1,1,1,1,-9],0,4) =T",True,True,
../data/V/V1,Ericson2018figure5,Ericson2018figure5_18,0,"([1,1,1,1,10],0,4) =T",True,True,
../data/V/V1,Ericson2018figure5,Ericson2018figure5_18,0,"([1,1,1,1,11],0,4) =T",True,True,
../data/V/V1,Ericson2018figure5,Ericson2018figure5_18,0,"([1,1,1,1,12],0,4) =F",False,False,
../data/V/V1,Ericson2018figure5,Ericson2018figure5_18,0,"([1,1,1,1,9],0,2) =T",True,True,
../data/V/V1,Ericson2018figure5,Ericson2018figure5_18,0,"([1,1,1,1,9],0,3) =T",True,True,
../data/V/V1,Ericson2018figure5,Ericson2018figure5_18,0,"([1,1,1,1,9],0,4) =T",True,True,
../data/V/V1,Ericson2018figure5,Ericson2018figure5_18,0,"([1,1,1,9],0,2) =T",True,True,
../data/V/V1,Ericson2018figure5,Ericson2018figure5_18,0,"([1,1,1],0,0) =T",True,True,
../data/V/V1,Ericson2018figure5,Ericson2018figure5_18,0,"([1,1,1],0,1) =T",True,True,
../data/V/V1,Ericson2018figure5,Ericson2018figure5_18,0,"([1,1,99],0,0) =T",True,True,
../data/V/V1,Ericson2018figure5,Ericson2018figure5_18,0,"([1,1,99],0,1) =T",True,True,
../data/V/V1,Ericson2018figure5,Ericson2018figure5_18,0,"([1,1,99],0,2) =F",False,False,
../data/V/V1,Ericson2018figure5,Ericson2018figure5_18,0,"([1,1,9],0,2) =T",True,True,
../data/V/V1,Ericson2018figure5,Ericson2018figure5_18,0,"([1],0,0) = T",True,True,
../data/V/V1,Ericson2018figure5,Ericson2018figure5_19,0,"([0,3,6,9,12,15,18,21,24,27],0,1) :",True,True,
../data/V/V1,Ericson2018figure5,Ericson2018figure5_19,0,"([0,3,6,9,12,15,18,21,24,27],0,2) :",True,True,
../data/V/V1,Ericson2018figure5,Ericson2018figure5_19,0,"([0,3,6,9,12,15,18,21,24,27],0,3) :",True,True,
../data/V/V1,Ericson2018figure5,Ericson2018figure5_19,0,"([0,3,6,9,12,15,18,21,24,27],0,4) :",False,False,
../data/V/V1,Ericson2018figure5,Ericson2018figure5_19,0,"([0,3,6,9,12,15,18,21,24,27],0,5) :",False,False,
../data/V/V1,Ericson2018figure5,Ericson2018figure5_19,0,"([0,3,6,9,12,15,18,21,24,27],1,5) :",False,False,
../data/V/V1,Ericson2018figure5,Ericson2018figure5_19,0,"([0,3,6,9,12,15,18,21,24,27],2.6) :",False,False,
../data/V/V1,Ericson2018figure5,Ericson2018figure5_19,0,"([0,3,6,9,12,15,18,21,24,27],2.6) :",False,False,
../data/V/V1,Ericson2018figure5,Ericson2018figure5_19,0,"([1,1,1,1,-10],0,4) =F",False,False,
../data/V/V1,Ericson2018figure5,Ericson2018figure5_19,0,"([1,1,1,1,-9],0,4) =T",True,True,
../data/V/V1,Ericson2018figure5,Ericson2018figure5_19,0,"([1,1,1,1,10],0,4) =T",True,True,
../data/V/V1,Ericson2018figure5,Ericson2018figure5_19,0,"([1,1,1,1,11],0,4) =T",True,True,
../data/V/V1,Ericson2018figure5,Ericson2018figure5_19,0,"([1,1,1,1,12],0,4) =F",False,False,
../data/V/V1,Ericson2018figure5,Ericson2018figure5_19,0,"([1,1,1,1,9],0,2) =T",True,True,
../data/V/V1,Ericson2018figure5,Ericson2018figure5_19,0,"([1,1,1,1,9],0,3) =T",True,True,
../data/V/V1,Ericson2018figure5,Ericson2018figure5_19,0,"([1,1,1,1,9],0,4) =T",True,True,
../data/V/V1,Ericson2018figure5,Ericson2018figure5_19,0,"([1,1,1,9],0,2) =T",True,True,
../data/V/V1,Ericson2018figure5,Ericson2018figure5_19,0,"([1,1,1],0,0) =T",True,True,
../data/V/V1,Ericson2018figure5,Ericson2018figure5_19,0,"([1,1,1],0,1) =T",True,True,
../data/V/V1,Ericson2018figure5,Ericson2018figure5_19,0,"([1,1,99],0,0) =T",True,True,
../data/V/V1,Ericson2018figure5,Ericson2018figure5_19,0,"([1,1,99],0,1) =T",True,True,
../data/V/V1,Ericson2018figure5,Ericson2018figure5_19,0,"([1,1,99],0,2) =F",False,False,
../data/V/V1,Ericson2018figure5,Ericson2018figure5_19,0,"([1,1,9],0,2) =T",True,True,
../data/V/V1,Ericson2018figure5,Ericson2018figure5_19,0,"([1],0,0) = T",True,True,
../data/V/V1,Ericson2018figure5,Ericson2018figure5_2,0,"([0,3,6,9,12,15,18,21,24,27],0,1) :",True,True,
../data/V/V1,Ericson2018figure5,Ericson2018figure5_2,0,"([0,3,6,9,12,15,18,21,24,27],0,2) :",True,True,
../data/V/V1,Ericson2018figure5,Ericson2018figure5_2,0,"([0,3,6,9,12,15,18,21,24,27],0,3) :",True,True,
../data/V/V1,Ericson2018figure5,Ericson2018figure5_2,0,"([0,3,6,9,12,15,18,21,24,27],0,4) :",False,False,
../data/V/V1,Ericson2018figure5,Ericson2018figure5_2,0,"([0,3,6,9,12,15,18,21,24,27],0,5) :",False,False,
../data/V/V1,Ericson2018figure5,Ericson2018figure5_2,0,"([0,3,6,9,12,15,18,21,24,27],1,5) :",False,False,
../data/V/V1,Ericson2018figure5,Ericson2018figure5_2,0,"([0,3,6,9,12,15,18,21,24,27],2.6) :",False,False,
../data/V/V1,Ericson2018figure5,Ericson2018figure5_2,0,"([0,3,6,9,12,15,18,21,24,27],2.6) :",False,False,
../data/V/V1,Ericson2018figure5,Ericson2018figure5_2,0,"([1,1,1,1,-10],0,4) =F",False,False,
../data/V/V1,Ericson2018figure5,Ericson2018figure5_2,0,"([1,1,1,1,-9],0,4) =T",True,True,
../data/V/V1,Ericson2018figure5,Ericson2018figure5_2,0,"([1,1,1,1,10],0,4) =T",True,True,
../data/V/V1,Ericson2018figure5,Ericson2018figure5_2,0,"([1,1,1,1,11],0,4) =T",True,True,
../data/V/V1,Ericson2018figure5,Ericson2018figure5_2,0,"([1,1,1,1,12],0,4) =F",False,False,
../data/V/V1,Ericson2018figure5,Ericson2018figure5_2,0,"([1,1,1,1,9],0,2) =T",True,True,
../data/V/V1,Ericson2018figure5,Ericson2018figure5_2,0,"([1,1,1,1,9],0,3) =T",True,True,
../data/V/V1,Ericson2018figure5,Ericson2018figure5_2,0,"([1,1,1,1,9],0,4) =T",True,True,
../data/V/V1,Ericson2018figure5,Ericson2018figure5_2,0,"([1,1,1,9],0,2) =T",True,True,
../data/V/V1,Ericson2018figure5,Ericson2018figure5_2,0,"([1,1,1],0,0) =T",True,True,
../data/V/V1,Ericson2018figure5,Ericson2018figure5_2,0,"([1,1,1],0,1) =T",True,True,
../data/V/V1,Ericson2018figure5,Ericson2018figure5_2,0,"([1,1,99],0,0) =T",True,True,
../data/V/V1,Ericson2018figure5,Ericson2018figure5_2,0,"([1,1,99],0,1) =T",True,True,
../data/V/V1,Ericson2018figure5,Ericson2018figure5_2,0,"([1,1,99],0,2) =F",False,False,
../data/V/V1,Ericson2018figure5,Ericson2018figure5_2,0,"([1,1,9],0,2) =T",True,True,
../data/V/V1,Ericson2018figure5,Ericson2018figure5_2,0,"([1],0,0) = T",True,True,
../data/V/V1,Ericson2018figure5,Ericson2018figure5_3,0,"([0,3,6,9,12,15,18,21,24,27],0,1) :",True,True,
../data/V/V1,Ericson2018figure5,Ericson2018figure5_3,0,"([0,3,6,9,12,15,18,21,24,27],0,2) :",True,True,
../data/V/V1,Ericson2018figure5,Ericson2018figure5_3,0,"([0,3,6,9,12,15,18,21,24,27],0,3) :",True,True,
../data/V/V1,Ericson2018figure5,Ericson2018figure5_3,0,"([0,3,6,9,12,15,18,21,24,27],0,4) :",False,False,
../data/V/V1,Ericson2018figure5,Ericson2018figure5_3,0,"([0,3,6,9,12,15,18,21,24,27],0,5) :",False,False,
../data/V/V1,Ericson2018figure5,Ericson2018figure5_3,0,"([0,3,6,9,12,15,18,21,24,27],1,5) :",False,False,
../data/V/V1,Ericson2018figure5,Ericson2018figure5_3,0,"([0,3,6,9,12,15,18,21,24,27],2.6) :",False,False,
../data/V/V1,Ericson2018figure5,Ericson2018figure5_3,0,"([0,3,6,9,12,15,18,21,24,27],2.6) :",False,False,
../data/V/V1,Ericson2018figure5,Ericson2018figure5_3,0,"([1,1,1,1,-10],0,4) =F",False,False,
../data/V/V1,Ericson2018figure5,Ericson2018figure5_3,0,"([1,1,1,1,-9],0,4) =T",True,True,
../data/V/V1,Ericson2018figure5,Ericson2018figure5_3,0,"([1,1,1,1,10],0,4) =T",True,True,
../data/V/V1,Ericson2018figure5,Ericson2018figure5_3,0,"([1,1,1,1,11],0,4) =T",True,True,
../data/V/V1,Ericson2018figure5,Ericson2018figure5_3,0,"([1,1,1,1,12],0,4) =F",False,False,
../data/V/V1,Ericson2018figure5,Ericson2018figure5_3,0,"([1,1,1,1,9],0,2) =T",True,True,
../data/V/V1,Ericson2018figure5,Ericson2018figure5_3,0,"([1,1,1,1,9],0,3) =T",True,True,
../data/V/V1,Ericson2018figure5,Ericson2018figure5_3,0,"([1,1,1,1,9],0,4) =T",True,True,
../data/V/V1,Ericson2018figure5,Ericson2018figure5_3,0,"([1,1,1,9],0,2) =T",True,True,
../data/V/V1,Ericson2018figure5,Ericson2018figure5_3,0,"([1,1,1],0,0) =T",True,True,
../data/V/V1,Ericson2018figure5,Ericson2018figure5_3,0,"([1,1,1],0,1) =T",True,True,
../data/V/V1,Ericson2018figure5,Ericson2018figure5_3,0,"([1,1,99],0,0) =T",True,True,
../data/V/V1,Ericson2018figure5,Ericson2018figure5_3,0,"([1,1,99],0,1) =T",True,True,
../data/V/V1,Ericson2018figure5,Ericson2018figure5_3,0,"([1,1,99],0,2) =F",False,False,
../data/V/V1,Ericson2018figure5,Ericson2018figure5_3,0,"([1,1,9],0,2) =T",True,True,
../data/V/V1,Ericson2018figure5,Ericson2018figure5_3,0,"([1],0,0) = T",True,True,
../data/V/V1,Ericson2018figure5,Ericson2018figure5_4,0,"([0,3,6,9,12,15,18,21,24,27],0,1) :",True,True,
../data/V/V1,Ericson2018figure5,Ericson2018figure5_4,0,"([0,3,6,9,12,15,18,21,24,27],0,2) :",True,True,
../data/V/V1,Ericson2018figure5,Ericson2018figure5_4,0,"([0,3,6,9,12,15,18,21,24,27],0,3) :",True,True,
../data/V/V1,Ericson2018figure5,Ericson2018figure5_4,0,"([0,3,6,9,12,15,18,21,24,27],0,4) :",False,False,
../data/V/V1,Ericson2018figure5,Ericson2018figure5_4,0,"([0,3,6,9,12,15,18,21,24,27],0,5) :",False,False,
../data/V/V1,Ericson2018figure5,Ericson2018figure5_4,0,"([0,3,6,9,12,15,18,21,24,27],1,5) :",False,False,
../data/V/V1,Ericson2018figure5,Ericson2018figure5_4,0,"([0,3,6,9,12,15,18,21,24,27],2.6) :",False,False,
../data/V/V1,Ericson2018figure5,Ericson2018figure5_4,0,"([0,3,6,9,12,15,18,21,24,27],2.6) :",False,False,
../data/V/V1,Ericson2018figure5,Ericson2018figure5_4,0,"([1,1,1,1,-10],0,4) =F",False,False,
../data/V/V1,Ericson2018figure5,Ericson2018figure5_4,0,"([1,1,1,1,-9],0,4) =T",True,True,
../data/V/V1,Ericson2018figure5,Ericson2018figure5_4,0,"([1,1,1,1,10],0,4) =T",True,True,
../data/V/V1,Ericson2018figure5,Ericson2018figure5_4,0,"([1,1,1,1,11],0,4) =T",True,True,
../data/V/V1,Ericson2018figure5,Ericson2018figure5_4,0,"([1,1,1,1,12],0,4) =F",False,False,
../data/V/V1,Ericson2018figure5,Ericson2018figure5_4,0,"([1,1,1,1,9],0,2) =T",True,True,
../data/V/V1,Ericson2018figure5,Ericson2018figure5_4,0,"([1,1,1,1,9],0,3) =T",True,True,
../data/V/V1,Ericson2018figure5,Ericson2018figure5_4,0,"([1,1,1,1,9],0,4) =T",True,True,
../data/V/V1,Ericson2018figure5,Ericson2018figure5_4,0,"([1,1,1,9],0,2) =T",True,True,
../data/V/V1,Ericson2018figure5,Ericson2018figure5_4,0,"([1,1,1],0,0) =T",True,True,
../data/V/V1,Ericson2018figure5,Ericson2018figure5_4,0,"([1,1,1],0,1) =T",True,True,
../data/V/V1,Ericson2018figure5,Ericson2018figure5_4,0,"([1,1,99],0,0) =T",True,True,
../data/V/V1,Ericson2018figure5,Ericson2018figure5_4,0,"([1,1,99],0,1) =T",True,True,
../data/V/V1,Ericson2018figure5,Ericson2018figure5_4,0,"([1,1,99],0,2) =F",False,False,
../data/V/V1,Ericson2018figure5,Ericson2018figure5_4,0,"([1,1,9],0,2) =T",True,True,
../data/V/V1,Ericson2018figure5,Ericson2018figure5_4,0,"([1],0,0) = T",True,True,
../data/V/V1,Ericson2018figure5,Ericson2018figure5_5,0,"([0,3,6,9,12,15,18,21,24,27],0,1) :",True,True,
../data/V/V1,Ericson2018figure5,Ericson2018figure5_5,0,"([0,3,6,9,12,15,18,21,24,27],0,2) :",True,True,
../data/V/V1,Ericson2018figure5,Ericson2018figure5_5,0,"([0,3,6,9,12,15,18,21,24,27],0,3) :",True,True,
../data/V/V1,Ericson2018figure5,Ericson2018figure5_5,0,"([0,3,6,9,12,15,18,21,24,27],0,4) :",False,False,
../data/V/V1,Ericson2018figure5,Ericson2018figure5_5,0,"([0,3,6,9,12,15,18,21,24,27],0,5) :",False,False,
../data/V/V1,Ericson2018figure5,Ericson2018figure5_5,0,"([0,3,6,9,12,15,18,21,24,27],1,5) :",False,False,
../data/V/V1,Ericson2018figure5,Ericson2018figure5_5,0,"([0,3,6,9,12,15,18,21,24,27],2.6) :",False,False,
../data/V/V1,Ericson2018figure5,Ericson2018figure5_5,0,"([0,3,6,9,12,15,18,21,24,27],2.6) :",False,False,
../data/V/V1,Ericson2018figure5,Ericson2018figure5_5,0,"([1,1,1,1,-10],0,4) =F",False,False,
../data/V/V1,Ericson2018figure5,Ericson2018figure5_5,0,"([1,1,1,1,-9],0,4) =T",True,True,
../data/V/V1,Ericson2018figure5,Ericson2018figure5_5,0,"([1,1,1,1,10],0,4) =T",True,True,
../data/V/V1,Ericson2018figure5,Ericson2018figure5_5,0,"([1,1,1,1,11],0,4) =T",True,True,
../data/V/V1,Ericson2018figure5,Ericson2018figure5_5,0,"([1,1,1,1,12],0,4) =F",False,False,
../data/V/V1,Ericson2018figure5,Ericson2018figure5_5,0,"([1,1,1,1,9],0,2) =T",True,True,
../data/V/V1,Ericson2018figure5,Ericson2018figure5_5,0,"([1,1,1,1,9],0,3) =T",True,True,
../data/V/V1,Ericson2018figure5,Ericson2018figure5_5,0,"([1,1,1,1,9],0,4) =T",True,True,
../data/V/V1,Ericson2018figure5,Ericson2018figure5_5,0,"([1,1,1,9],0,2) =T",True,True,
../data/V/V1,Ericson2018figure5,Ericson2018figure5_5,0,"([1,1,1],0,0) =T",True,True,
../data/V/V1,Ericson2018figure5,Ericson2018figure5_5,0,"([1,1,1],0,1) =T",True,True,
../data/V/V1,Ericson2018figure5,Ericson2018figure5_5,0,"([1,1,99],0,0) =T",True,True,
../data/V/V1,Ericson2018figure5,Ericson2018figure5_5,0,"([1,1,99],0,1) =T",True,True,
../data/V/V1,Ericson2018figure5,Ericson2018figure5_5,0,"([1,1,99],0,2) =F",False,False,
../data/V/V1,Ericson2018figure5,Ericson2018figure5_5,0,"([1,1,9],0,2) =T",True,True,
../data/V/V1,Ericson2018figure5,Ericson2018figure5_5,0,"([1],0,0) = T",True,True,
../data/V/V1,Ericson2018figure5,Ericson2018figure5_6,0,"([0,3,6,9,12,15,18,21,24,27],0,1) :",True,True,
../data/V/V1,Ericson2018figure5,Ericson2018figure5_6,0,"([0,3,6,9,12,15,18,21,24,27],0,2) :",True,True,
../data/V/V1,Ericson2018figure5,Ericson2018figure5_6,0,"([0,3,6,9,12,15,18,21,24,27],0,3) :",True,True,
../data/V/V1,Ericson2018figure5,Ericson2018figure5_6,0,"([0,3,6,9,12,15,18,21,24,27],0,4) :",False,False,
../data/V/V1,Ericson2018figure5,Ericson2018figure5_6,0,"([0,3,6,9,12,15,18,21,24,27],0,5) :",False,False,
../data/V/V1,Ericson2018figure5,Ericson2018figure5_6,0,"([0,3,6,9,12,15,18,21,24,27],1,5) :",False,False,
../data/V/V1,Ericson2018figure5,Ericson2018figure5_6,0,"([0,3,6,9,12,15,18,21,24,27],2.6) :",False,False,
../data/V/V1,Ericson2018figure5,Ericson2018figure5_6,0,"([0,3,6,9,12,15,18,21,24,27],2.6) :",False,False,
../data/V/V1,Ericson2018figure5,Ericson2018figure5_6,0,"([1,1,1,1,-10],0,4) =F",False,False,
../data/V/V1,Ericson2018figure5,Ericson2018figure5_6,0,"([1,1,1,1,-9],0,4) =T",True,True,
../data/V/V1,Ericson2018figure5,Ericson2018figure5_6,0,"([1,1,1,1,10],0,4) =T",True,True,
../data/V/V1,Ericson2018figure5,Ericson2018figure5_6,0,"([1,1,1,1,11],0,4) =T",True,True,
../data/V/V1,Ericson2018figure5,Ericson2018figure5_6,0,"([1,1,1,1,12],0,4) =F",False,False,
../data/V/V1,Ericson2018figure5,Ericson2018figure5_6,0,"([1,1,1,1,9],0,2) =T",True,True,
../data/V/V1,Ericson2018figure5,Ericson2018figure5_6,0,"([1,1,1,1,9],0,3) =T",True,True,
../data/V/V1,Ericson2018figure5,Ericson2018figure5_6,0,"([1,1,1,1,9],0,4) =T",True,True,
../data/V/V1,Ericson2018figure5,Ericson2018figure5_6,0,"([1,1,1,9],0,2) =T",True,True,
../data/V/V1,Ericson2018figure5,Ericson2018figure5_6,0,"([1,1,1],0,0) =T",True,True,
../data/V/V1,Ericson2018figure5,Ericson2018figure5_6,0,"([1,1,1],0,1) =T",True,True,
../data/V/V1,Ericson2018figure5,Ericson2018figure5_6,0,"([1,1,99],0,0) =T",True,True,
../data/V/V1,Ericson2018figure5,Ericson2018figure5_6,0,"([1,1,99],0,1) =T",True,True,
../data/V/V1,Ericson2018figure5,Ericson2018figure5_6,0,"([1,1,99],0,2) =F",False,False,
../data/V/V1,Ericson2018figure5,Ericson2018figure5_6,0,"([1,1,9],0,2) =T",True,True,
../data/V/V1,Ericson2018figure5,Ericson2018figure5_6,0,"([1],0,0) = T",True,True,
../data/V/V1,Ericson2018figure5,Ericson2018figure5_7,0,"([0,3,6,9,12,15,18,21,24,27],0,1) :",True,True,
../data/V/V1,Ericson2018figure5,Ericson2018figure5_7,0,"([0,3,6,9,12,15,18,21,24,27],0,2) :",True,True,
../data/V/V1,Ericson2018figure5,Ericson2018figure5_7,0,"([0,3,6,9,12,15,18,21,24,27],0,3) :",True,True,
../data/V/V1,Ericson2018figure5,Ericson2018figure5_7,0,"([0,3,6,9,12,15,18,21,24,27],0,4) :",False,False,
../data/V/V1,Ericson2018figure5,Ericson2018figure5_7,0,"([0,3,6,9,12,15,18,21,24,27],0,5) :",False,False,
../data/V/V1,Ericson2018figure5,Ericson2018figure5_7,0,"([0,3,6,9,12,15,18,21,24,27],1,5) :",False,False,
../data/V/V1,Ericson2018figure5,Ericson2018figure5_7,0,"([0,3,6,9,12,15,18,21,24,27],2.6) :",False,False,
../data/V/V1,Ericson2018figure5,Ericson2018figure5_7,0,"([0,3,6,9,12,15,18,21,24,27],2.6) :",False,False,
../data/V/V1,Ericson2018figure5,Ericson2018figure5_7,0,"([1,1,1,1,-10],0,4) =F",False,False,
../data/V/V1,Ericson2018figure5,Ericson2018figure5_7,0,"([1,1,1,1,-9],0,4) =T",True,True,
../data/V/V1,Ericson2018figure5,Ericson2018figure5_7,0,"([1,1,1,1,10],0,4) =T",True,True,
../data/V/V1,Ericson2018figure5,Ericson2018figure5_7,0,"([1,1,1,1,11],0,4) =T",True,True,
../data/V/V1,Ericson2018figure5,Ericson2018figure5_7,0,"([1,1,1,1,12],0,4) =F",False,False,
../data/V/V1,Ericson2018figure5,Ericson2018figure5_7,0,"([1,1,1,1,9],0,2) =T",True,True,
../data/V/V1,Ericson2018figure5,Ericson2018figure5_7,0,"([1,1,1,1,9],0,3) =T",True,True,
../data/V/V1,Ericson2018figure5,Ericson2018figure5_7,0,"([1,1,1,1,9],0,4) =T",True,True,
../data/V/V1,Ericson2018figure5,Ericson2018figure5_7,0,"([1,1,1,9],0,2) =T",True,True,
../data/V/V1,Ericson2018figure5,Ericson2018figure5_7,0,"([1,1,1],0,0) =T",True,True,
../data/V/V1,Ericson2018figure5,Ericson2018figure5_7,0,"([1,1,1],0,1) =T",True,True,
../data/V/V1,Ericson2018figure5,Ericson2018figure5_7,0,"([1,1,99],0,0) =T",True,True,
../data/V/V1,Ericson2018figure5,Ericson2018figure5_7,0,"([1,1,99],0,1) =T",True,True,
../data/V/V1,Ericson2018figure5,Ericson2018figure5_7,0,"([1,1,99],0,2) =F",False,False,
../data/V/V1,Ericson2018figure5,Ericson2018figure5_7,0,"([1,1,9],0,2) =T",True,True,
../data/V/V1,Ericson2018figure5,Ericson2018figure5_7,0,"([1],0,0) = T",True,True,
../data/V/V1,Ericson2018figure5,Ericson2018figure5_8,0,"([0,3,6,9,12,15,18,21,24,27],0,1) :",True,True,
../data/V/V1,Ericson2018figure5,Ericson2018figure5_8,0,"([0,3,6,9,12,15,18,21,24,27],0,2) :",True,True,
../data/V/V1,Ericson2018figure5,Ericson2018figure5_8,0,"([0,3,6,9,12,15,18,21,24,27],0,3) :",True,True,
../data/V/V1,Ericson2018figure5,Ericson2018figure5_8,0,"([0,3,6,9,12,15,18,21,24,27],0,4) :",False,False,
../data/V/V1,Ericson2018figure5,Ericson2018figure5_8,0,"([0,3,6,9,12,15,18,21,24,27],0,5) :",False,False,
../data/V/V1,Ericson2018figure5,Ericson2018figure5_8,0,"([0,3,6,9,12,15,18,21,24,27],1,5) :",False,False,
../data/V/V1,Ericson2018figure5,Ericson2018figure5_8,0,"([0,3,6,9,12,15,18,21,24,27],2.6) :",False,False,
../data/V/V1,Ericson2018figure5,Ericson2018figure5_8,0,"([0,3,6,9,12,15,18,21,24,27],2.6) :",False,False,
../data/V/V1,Ericson2018figure5,Ericson2018figure5_8,0,"([1,1,1,1,-10],0,4) =F",False,False,
../data/V/V1,Ericson2018figure5,Ericson2018figure5_8,0,"([1,1,1,1,-9],0,4) =T",True,True,
../data/V/V1,Ericson2018figure5,Ericson2018figure5_8,0,"([1,1,1,1,10],0,4) =T",True,True,
../data/V/V1,Ericson2018figure5,Ericson2018figure5_8,0,"([1,1,1,1,11],0,4) =T",True,True,
../data/V/V1,Ericson2018figure5,Ericson2018figure5_8,0,"([1,1,1,1,12],0,4) =F",False,False,
../data/V/V1,Ericson2018figure5,Ericson2018figure5_8,0,"([1,1,1,1,9],0,2) =T",True,True,
../data/V/V1,Ericson2018figure5,Ericson2018figure5_8,0,"([1,1,1,1,9],0,3) =T",True,True,
../data/V/V1,Ericson2018figure5,Ericson2018figure5_8,0,"([1,1,1,1,9],0,4) =T",True,True,
../data/V/V1,Ericson2018figure5,Ericson2018figure5_8,0,"([1,1,1,9],0,2) =T",True,True,
../data/V/V1,Ericson2018figure5,Ericson2018figure5_8,0,"([1,1,1],0,0) =T",True,True,
../data/V/V1,Ericson2018figure5,Ericson2018figure5_8,0,"([1,1,1],0,1) =T",True,True,
../data/V/V1,Ericson2018figure5,Ericson2018figure5_8,0,"([1,1,99],0,0) =T",True,True,
../data/V/V1,Ericson2018figure5,Ericson2018figure5_8,0,"([1,1,99],0,1) =T",True,True,
../data/V/V1,Ericson2018figure5,Ericson2018figure5_8,0,"([1,1,99],0,2) =F",False,False,
../data/V/V1,Ericson2018figure5,Ericson2018figure5_8,0,"([1,1,9],0,2) =T",True,True,
../data/V/V1,Ericson2018figure5,Ericson2018figure5_8,0,"([1],0,0) = T",True,True,
../data/V/V1,Ericson2018figure5,Ericson2018figure5_9,0,"([0,3,6,9,12,15,18,21,24,27],0,1) :",True,True,
../data/V/V1,Ericson2018figure5,Ericson2018figure5_9,0,"([0,3,6,9,12,15,18,21,24,27],0,2) :",True,True,
../data/V/V1,Ericson2018figure5,Ericson2018figure5_9,0,"([0,3,6,9,12,15,18,21,24,27],0,3) :",True,True,
../data/V/V1,Ericson2018figure5,Ericson2018figure5_9,0,"([0,3,6,9,12,15,18,21,24,27],0,4) :",False,False,
../data/V/V1,Ericson2018figure5,Ericson2018figure5_9,0,"([0,3,6,9,12,15,18,21,24,27],0,5) :",False,False,
../data/V/V1,Ericson2018figure5,Ericson2018figure5_9,0,"([0,3,6,9,12,15,18,21,24,27],1,5) :",False,False,
../data/V/V1,Ericson2018figure5,Ericson2018figure5_9,0,"([0,3,6,9,12,15,18,21,24,27],2.6) :",False,False,
../data/V/V1,Ericson2018figure5,Ericson2018figure5_9,0,"([0,3,6,9,12,15,18,21,24,27],2.6) :",False,False,
../data/V/V1,Ericson2018figure5,Ericson2018figure5_9,0,"([1,1,1,1,-10],0,4) =F",False,False,
../data/V/V1,Ericson2018figure5,Ericson2018figure5_9,0,"([1,1,1,1,-9],0,4) =T",True,True,
../data/V/V1,Ericson2018figure5,Ericson2018figure5_9,0,"([1,1,1,1,10],0,4) =T",True,True,
../data/V/V1,Ericson2018figure5,Ericson2018figure5_9,0,"([1,1,1,1,11],0,4) =T",True,True,
../data/V/V1,Ericson2018figure5,Ericson2018figure5_9,0,"([1,1,1,1,12],0,4) =F",False,False,
../data/V/V1,Ericson2018figure5,Ericson2018figure5_9,0,"([1,1,1,1,9],0,2) =T",True,True,
../data/V/V1,Ericson2018figure5,Ericson2018figure5_9,0,"([1,1,1,1,9],0,3) =T",True,True,
../data/V/V1,Ericson2018figure5,Ericson2018figure5_9,0,"([1,1,1,1,9],0,4) =T",True,True,
../data/V/V1,Ericson2018figure5,Ericson2018figure5_9,0,"([1,1,1,9],0,2) =T",True,True,
../data/V/V1,Ericson2018figure5,Ericson2018figure5_9,0,"([1,1,1],0,0) =T",True,True,
../data/V/V1,Ericson2018figure5,Ericson2018figure5_9,0,"([1,1,1],0,1) =T",True,True,
../data/V/V1,Ericson2018figure5,Ericson2018figure5_9,0,"([1,1,99],0,0) =T",True,True,
../data/V/V1,Ericson2018figure5,Ericson2018figure5_9,0,"([1,1,99],0,1) =T",True,True,
../data/V/V1,Ericson2018figure5,Ericson2018figure5_9,0,"([1,1,99],0,2) =F",False,False,
../data/V/V1,Ericson2018figure5,Ericson2018figure5_9,0,"([1,1,9],0,2) =T",True,True,
../data/V/V1,Ericson2018figure5,Ericson2018figure5_9,0,"([1],0,0) = T",True,True,
