folder,problem,file,ok,errortype,msg,actual
V1/,Ericson2017figure4,Ericson2017figure4_0,False,runtime error,error running Ericson2017figure4_0,"(<class 'IndexError'>, IndexError('list index out of range'), <traceback object at 0x10147b780>)"
V1/,Ericson2017figure4,Ericson2017figure4_1,False,runtime error,error running Ericson2017figure4_1,"(<class 'IndexError'>, IndexError('list index out of range'), <traceback object at 0x10147ba80>)"
V1/,Ericson2017figure4,Ericson2017figure4_2,False,runtime error,error running Ericson2017figure4_2,"(<class 'IndexError'>, IndexError('list index out of range'), <traceback object at 0x10147b6c0>)"
V1/,Ericson2017figure4,Ericson2017figure4_3,False,runtime error,error running Ericson2017figure4_3,"(<class 'IndexError'>, IndexError('list index out of range'), <traceback object at 0x10147ba40>)"
V1/,Ericson2017figure4,Ericson2017figure4_4,False,runtime error,error running Ericson2017figure4_4,"(<class 'IndexError'>, IndexError('list index out of range'), <traceback object at 0x10147b780>)"
V1/,Ericson2017figure4,Ericson2017figure4_5,False,runtime error,error running Ericson2017figure4_5,"(<class 'IndexError'>, IndexError('list index out of range'), <traceback object at 0x10147be80>)"
V1/,Ericson2017figure4,Ericson2017figure4_6,False,runtime error,error running Ericson2017figure4_6,"(<class 'IndexError'>, IndexError('list index out of range'), <traceback object at 0x10148c080>)"
V1/,Ericson2017figure4,Ericson2017figure4_7,False,runtime error,error running Ericson2017figure4_7,"(<class 'IndexError'>, IndexError('list index out of range'), <traceback object at 0x10148c140>)"
V1/,Ericson2017figure4,Ericson2017figure4_8,False,runtime error,error running Ericson2017figure4_8,"(<class 'IndexError'>, IndexError('list index out of range'), <traceback object at 0x10148c080>)"
V1/,Ericson2017figure4,Ericson2017figure4_9,False,runtime error,error running Ericson2017figure4_9,"(<class 'IndexError'>, IndexError('list index out of range'), <traceback object at 0x10148c140>)"
V1/,Ericson2017figure4,Ericson2017figure4_10,False,runtime error,error running Ericson2017figure4_10,"(<class 'IndexError'>, IndexError('list index out of range'), <traceback object at 0x10148c2c0>)"
V1/,Ericson2017figure4,Ericson2017figure4_11,False,runtime error,error running Ericson2017figure4_11,"(<class 'IndexError'>, IndexError('list index out of range'), <traceback object at 0x10148c140>)"
V1/,Ericson2017figure4,Ericson2017figure4_12,False,runtime error,error running Ericson2017figure4_12,"(<class 'IndexError'>, IndexError('list index out of range'), <traceback object at 0x10148c080>)"
V1/,Ericson2017figure4,Ericson2017figure4_13,False,runtime error,error running Ericson2017figure4_13,"(<class 'IndexError'>, IndexError('list index out of range'), <traceback object at 0x10148c700>)"
V1/,Ericson2017figure4,Ericson2017figure4_14,False,runtime error,error running Ericson2017figure4_14,"(<class 'IndexError'>, IndexError('list index out of range'), <traceback object at 0x10148c440>)"
V1/,Ericson2017figure4,Ericson2017figure4_15,False,runtime error,error running Ericson2017figure4_15,"(<class 'IndexError'>, IndexError('list index out of range'), <traceback object at 0x10148c140>)"
V1/,Ericson2017figure4,Ericson2017figure4_16,False,runtime error,error running Ericson2017figure4_16,"(<class 'IndexError'>, IndexError('list index out of range'), <traceback object at 0x10148c880>)"
V1/,Ericson2017figure4,Ericson2017figure4_17,False,runtime error,error running Ericson2017figure4_17,"(<class 'IndexError'>, IndexError('list index out of range'), <traceback object at 0x10148cac0>)"
V1/,Ericson2017figure4,Ericson2017figure4_18,False,runtime error,error running Ericson2017figure4_18,"(<class 'IndexError'>, IndexError('list index out of range'), <traceback object at 0x10148cb80>)"
V1/,Ericson2017figure4,Ericson2017figure4_19,False,runtime error,error running Ericson2017figure4_19,"(<class 'IndexError'>, IndexError('list index out of range'), <traceback object at 0x10148cdc0>)"
V1/,Ericson2022figure2,Ericson2022figure2_2,False,import error,error importing source code Ericson2022figure2_2,"(<class 'IndentationError'>, IndentationError('expected an indented block after function definition on line 1', ('/Users/bnr01a/Documents/data/projects_current/CODEXParsons/unittests/./V1/Ericson2022figure2/Ericson2022figure2_2.py', 2, 1, 'if guess < target:\n', 2, 3)), <traceback object at 0x1019d0a00>)"
V1/,Ericson2022figure2,Ericson2022figure2_11,False,import error,error importing source code Ericson2022figure2_11,"(<class 'IndentationError'>, IndentationError('expected an indented block after function definition on line 1', ('/Users/bnr01a/Documents/data/projects_current/CODEXParsons/unittests/./V1/Ericson2022figure2/Ericson2022figure2_11.py', 2, 1, 'if guess == target:\n', 2, 3)), <traceback object at 0x1019d1d40>)"
V1/,Ericson2022figure3,Ericson2022figure3_12,False,output incorrect,a b = 'ab' 'a b',a b
V1/,Ericson2022figure3,Ericson2022figure3_12,False,output incorrect,aa bb = 'ab',aa bb
V1/,Ericson2022figure3,Ericson2022figure3_12,False,output incorrect,aaa bbb = ab,aaa bbb
V1/,Ericson2022figure3,Ericson2022figure3_12,False,output incorrect,"' spacea',' spaceb' = [  ] ", spacea  spaceb
V1/,Ericson2022figure3,Ericson2022figure3_12,False,output incorrect,"' spacesa ',' spacesb ' = ...", spacesa   spacesb 
V1/,Ericson2022figure3,Ericson2022figure3_12,False,output incorrect,"'a z','b z' = ab",a z b z
V1/,Ericson2022figure4,Ericson2022figure4_8,False,output incorrect,"(0,True) :",10:00
V1/,Ericson2022figure4,Ericson2022figure4_8,False,output incorrect,"(1,True) :",7:00
V1/,Ericson2022figure4,Ericson2022figure4_8,False,output incorrect,"(2,True) :",7:00
V1/,Ericson2022figure4,Ericson2022figure4_8,False,output incorrect,"(3,True) :",7:00
V1/,Ericson2022figure4,Ericson2022figure4_8,False,output incorrect,"(4,True) :",7:00
V1/,Ericson2022figure4,Ericson2022figure4_8,False,output incorrect,"(5,True) :",7:00
V1/,Ericson2022figure4,Ericson2022figure4_8,False,output incorrect,"(6,True) :",10:00
V1/,Ericson2022figure4,Ericson2022figure4_8,False,output incorrect,"(0,False) :",off
V1/,Ericson2022figure4,Ericson2022figure4_8,False,output incorrect,"(6,False) :",off
V1/,Ericson2022figure8,Ericson2022figure8_4,False,runtime error,[] = 0,
V1/,Haynes_Magyar2022figure2,Haynes_Magyar2022figure2_0,False,runtime error,error running Haynes_Magyar2022figure2_0,"(<class 'NameError'>, NameError(""name 'num' is not defined""), <traceback object at 0x102e0b880>)"
V1/,Haynes_Magyar2022figure2,Haynes_Magyar2022figure2_2,False,import error,error importing source code Haynes_Magyar2022figure2_2,"(<class 'IndentationError'>, IndentationError('expected an indented block after function definition on line 1', ('/Users/bnr01a/Documents/data/projects_current/CODEXParsons/unittests/./V1/Haynes_Magyar2022figure2/Haynes_Magyar2022figure2_2.py', 2, 1, 'for i in range (len(nums)-1):\n', 2, 4)), <traceback object at 0x102e0bc80>)"
V1/,Haynes_Magyar2022figure2,Haynes_Magyar2022figure2_4,False,runtime error,error running Haynes_Magyar2022figure2_4,"(<class 'NameError'>, NameError(""name 'num' is not defined""), <traceback object at 0x102e1c040>)"
V1/,Haynes_Magyar2022figure2,Haynes_Magyar2022figure2_17,False,runtime error,error running Haynes_Magyar2022figure2_17,"(<class 'NameError'>, NameError(""name 'num' is not defined""), <traceback object at 0x102e1d480>)"
V1/,Haynes_Magyar2022figure4,Haynes_Magyar2022figure4_0,False,import error,error importing source code Haynes_Magyar2022figure4_0,"(<class 'IndentationError'>, IndentationError('expected an indented block after function definition on line 1', ('/Users/bnr01a/Documents/data/projects_current/CODEXParsons/unittests/./V1/Haynes_Magyar2022figure4/Haynes_Magyar2022figure4_0.py', 2, 1, 'count = 0\n', 2, 6)), <traceback object at 0x102d67940>)"
V1/,Haynes_Magyar2022figure4,Haynes_Magyar2022figure4_1,False,import error,error importing source code Haynes_Magyar2022figure4_1,"(<class 'IndentationError'>, IndentationError('expected an indented block after function definition on line 1', ('/Users/bnr01a/Documents/data/projects_current/CODEXParsons/unittests/./V1/Haynes_Magyar2022figure4/Haynes_Magyar2022figure4_1.py', 2, 1, 'count = 0\n', 2, 6)), <traceback object at 0x102d67c00>)"
V1/,Haynes_Magyar2022figure4,Haynes_Magyar2022figure4_2,False,import error,error importing source code Haynes_Magyar2022figure4_2,"(<class 'IndentationError'>, IndentationError('expected an indented block after function definition on line 1', ('/Users/bnr01a/Documents/data/projects_current/CODEXParsons/unittests/./V1/Haynes_Magyar2022figure4/Haynes_Magyar2022figure4_2.py', 2, 1, 'count = 0\n', 2, 6)), <traceback object at 0x102d64240>)"
V1/,Haynes_Magyar2022figure4,Haynes_Magyar2022figure4_4,False,runtime error,error running Haynes_Magyar2022figure4_4,"(<class 'TypeError'>, TypeError(""bad operand type for abs(): 'NoneType'""), <traceback object at 0x102d78840>)"
V1/,Haynes_Magyar2022figure4,Haynes_Magyar2022figure4_19,False,output incorrect,"0,0,0,[0]=1",0
V1/,Haynes_Magyar2022figure4,Haynes_Magyar2022figure4_19,False,output incorrect,"1,0,0,[0]=0",1
V1/,Haynes_Magyar2022figure4,Haynes_Magyar2022figure4_19,False,output incorrect,"0,0,1,[0,0]=2",0
V1/,Haynes_Magyar2022figure4,Haynes_Magyar2022figure4_19,False,output incorrect,"0,0,1,[0,0,0]=2",0
V1/,Haynes_Magyar2022figure4,Haynes_Magyar2022figure4_19,False,output incorrect,"0,0,1,[0,0,0,0]=2",0
V1/,Haynes_Magyar2022figure4,Haynes_Magyar2022figure4_19,False,output incorrect,"0,0,2,[0,0,0,0]=3",0
V1/,Haynes_Magyar2022figure4,Haynes_Magyar2022figure4_19,False,output incorrect,"0,0,3,[0,0,0,0]=4",0
V1/,Haynes_Magyar2022figure4,Haynes_Magyar2022figure4_19,False,output incorrect,"3,0,3,[1,2,3,1,2,3,1,2,3]=1",2
V1/,Haynes_Magyar2022figure4,Haynes_Magyar2022figure4_19,False,output incorrect,"3,0,8,[1,2,3,1,2,3,1,2,3]=3",2
V1/,Haynes_Magyar2022figure4,Haynes_Magyar2022figure4_19,False,output incorrect,"2,0,8,[1,2,3,1,2,3,1,2,3]=3",1
V1/,Haynes_Magyar2022figure4,Haynes_Magyar2022figure4_19,False,output incorrect,"1,0,8,[1,2,3,1,2,3,1,2,3]=3",0
V1/,Haynes_Magyar2022figure4,Haynes_Magyar2022figure4_19,False,output incorrect,"9,0,0,[9,9,9,9,9,9,9,9,9]=1",0
V1/,Haynes_Magyar2022figure4,Haynes_Magyar2022figure4_19,False,output incorrect,"9,0,1,[9,9,9,9,9,9,9,9,9]=2",0
V1/,Haynes_Magyar2022figure4,Haynes_Magyar2022figure4_19,False,output incorrect,"9,0,2,[9,9,9,9,9,9,9,9,9]=3",0
V1/,Haynes_Magyar2022figure4,Haynes_Magyar2022figure4_19,False,output incorrect,"9,0,3,[9,9,9,9,9,9,9,9,9]=4",0
V1/,Haynes_Magyar2022figure4,Haynes_Magyar2022figure4_19,False,output incorrect,"9,0,8,[9,9,9,9,9,9,9,9,9]=9",0
V1/,Haynes_Magyar2022figure4,Haynes_Magyar2022figure4_19,False,output incorrect,"9,8,8,[9,9,9,9,9,9,9,9,9]=1",0
V1/,Haynes_Magyar2022figure4,Haynes_Magyar2022figure4_19,False,output incorrect,"9,7,8,[9,9,9,9,9,9,9,9,9]=2",0
V1/,Haynes_Magyar2022figure4,Haynes_Magyar2022figure4_19,False,output incorrect,"9,4,5,[9,9,9,9,9,9,9,9,9]=2",0
V1/,Karavirta2012Figure3,Karavirta2012Figure3_0,False,runtime error,error running Karavirta2012Figure3_0,"(<class 'IndexError'>, IndexError('list index out of range'), <traceback object at 0x1053f7a40>)"
V1/,Karavirta2012Figure3,Karavirta2012Figure3_2,False,runtime error,error running Karavirta2012Figure3_2,"(<class 'IndexError'>, IndexError('list index out of range'), <traceback object at 0x1054041c0>)"
V1/,Karavirta2012Figure3,Karavirta2012Figure3_4,False,runtime error,error running Karavirta2012Figure3_4,"(<class 'IndexError'>, IndexError('list index out of range'), <traceback object at 0x1054047c0>)"
V1/,Karavirta2012Figure3,Karavirta2012Figure3_10,False,runtime error,error running Karavirta2012Figure3_10,"(<class 'IndexError'>, IndexError('list index out of range'), <traceback object at 0x105405340>)"
V1/,Karavirta2012Figure3,Karavirta2012Figure3_11,False,import error,error importing source code Karavirta2012Figure3_11,"(<class 'NameError'>, NameError(""name 'alist' is not defined""), <traceback object at 0x105404800>)"
V1/,Karavirta2012Figure3,Karavirta2012Figure3_15,False,runtime error,error running Karavirta2012Figure3_15,"(<class 'IndexError'>, IndexError('list index out of range'), <traceback object at 0x105405cc0>)"
V1/,Karavirta2012Figure3,Karavirta2012Figure3_17,False,import error,error importing source code Karavirta2012Figure3_17,"(<class 'NameError'>, NameError(""name 'alist' is not defined""), <traceback object at 0x105406000>)"
V1/,Karavirta2012Figure3,Karavirta2012Figure3_19,False,runtime error,error running Karavirta2012Figure3_19,"(<class 'IndexError'>, IndexError('list index out of range'), <traceback object at 0x105406400>)"
V1/,Weinmann2021figure1,Weinmann2021figure1_2,False,import error,error importing source code Weinmann2021figure1_2,"(<class 'IndentationError'>, IndentationError('expected an indented block after function definition on line 1', ('/Users/bnr01a/Documents/data/projects_current/CODEXParsons/unittests/./V1/Weinmann2021figure1/Weinmann2021figure1_2.py', 2, 1, 'for index in range (len(li)-1,-1,-1):\n', 2, 4)), <traceback object at 0x1050cd480>)"
V2/,Ericson2017figure1,Ericson2017figure1_3,False,import error,error importing source code Ericson2017figure1_3,"(<class 'IndentationError'>, IndentationError('expected an indented block after function definition on line 1', ('/Users/bnr01a/Documents/data/projects_current/CODEXParsons/unittests/./V2/Ericson2017figure1/Ericson2017figure1_3.py', 2, 1, 'sum = 0\n', 2, 4)), <traceback object at 0x10172fe00>)"
V2/,Ericson2017figure1,Ericson2017figure1_7,False,runtime error,error running Ericson2017figure1_7,"(<class 'NameError'>, NameError(""name 'numList' is not defined""), <traceback object at 0x10173ca40>)"
V2/,Ericson2017figure1,Ericson2017figure1_16,False,runtime error,error running Ericson2017figure1_16,"(<class 'NameError'>, NameError(""name 'numList' is not defined""), <traceback object at 0x10173dc80>)"
V2/,Ericson2017figure1,Ericson2017figure1_19,False,import error,error importing source code Ericson2017figure1_19,"(<class 'IndentationError'>, IndentationError('expected an indented block after function definition on line 1', ('/Users/bnr01a/Documents/data/projects_current/CODEXParsons/unittests/./V2/Ericson2017figure1/Ericson2017figure1_19.py', 2, 1, 'sum = 0\n', 2, 4)), <traceback object at 0x10173d8c0>)"
V2/,Ericson2017figure4,Ericson2017figure4_0,False,import error,error importing source code Ericson2017figure4_0,"(<class 'IndentationError'>, IndentationError('expected an indented block after function definition on line 1', ('/Users/bnr01a/Documents/data/projects_current/CODEXParsons/unittests/./V2/Ericson2017figure4/Ericson2017figure4_0.py', 2, 1, 'sum = 0\n', 2, 4)), <traceback object at 0x104ccf780>)"
V2/,Ericson2017figure4,Ericson2017figure4_1,False,runtime error,error running Ericson2017figure4_1,"(<class 'IndexError'>, IndexError('list index out of range'), <traceback object at 0x104ccfa80>)"
V2/,Ericson2017figure4,Ericson2017figure4_2,False,runtime error,error running Ericson2017figure4_2,"(<class 'IndexError'>, IndexError('list index out of range'), <traceback object at 0x104ccf800>)"
V2/,Ericson2017figure4,Ericson2017figure4_3,False,import error,error importing source code Ericson2017figure4_3,"(<class 'IndentationError'>, IndentationError('expected an indented block after function definition on line 1', ('/Users/bnr01a/Documents/data/projects_current/CODEXParsons/unittests/./V2/Ericson2017figure4/Ericson2017figure4_3.py', 2, 1, 'sum = 0\n', 2, 4)), <traceback object at 0x104ccfa40>)"
V2/,Ericson2017figure4,Ericson2017figure4_4,False,runtime error,error running Ericson2017figure4_4,"(<class 'IndexError'>, IndexError('list index out of range'), <traceback object at 0x104ccfa00>)"
V2/,Ericson2017figure4,Ericson2017figure4_5,False,runtime error,error running Ericson2017figure4_5,"(<class 'IndexError'>, IndexError('list index out of range'), <traceback object at 0x104ccfe00>)"
V2/,Ericson2017figure4,Ericson2017figure4_6,False,runtime error,error running Ericson2017figure4_6,"(<class 'IndexError'>, IndexError('list index out of range'), <traceback object at 0x104ccc240>)"
V2/,Ericson2017figure4,Ericson2017figure4_7,False,import error,error importing source code Ericson2017figure4_7,"(<class 'IndentationError'>, IndentationError('expected an indented block after function definition on line 1', ('/Users/bnr01a/Documents/data/projects_current/CODEXParsons/unittests/./V2/Ericson2017figure4/Ericson2017figure4_7.py', 2, 1, 'if (end - start + 1) >= 1:\n', 2, 3)), <traceback object at 0x104ccfd80>)"
V2/,Ericson2017figure4,Ericson2017figure4_8,False,import error,error importing source code Ericson2017figure4_8,"(<class 'IndentationError'>, IndentationError('expected an indented block after function definition on line 1', ('/Users/bnr01a/Documents/data/projects_current/CODEXParsons/unittests/./V2/Ericson2017figure4/Ericson2017figure4_8.py', 2, 1, 'sum = 0\n', 2, 4)), <traceback object at 0x104ccf780>)"
V2/,Ericson2017figure4,Ericson2017figure4_9,False,import error,error importing source code Ericson2017figure4_9,"(<class 'IndentationError'>, IndentationError('expected an indented block after function definition on line 1', ('/Users/bnr01a/Documents/data/projects_current/CODEXParsons/unittests/./V2/Ericson2017figure4/Ericson2017figure4_9.py', 2, 1, 'if (end - start + 1) >= 1:\n', 2, 3)), <traceback object at 0x104ccfd80>)"
V2/,Ericson2017figure4,Ericson2017figure4_10,False,import error,error importing source code Ericson2017figure4_10,"(<class 'IndentationError'>, IndentationError('expected an indented block after function definition on line 1', ('/Users/bnr01a/Documents/data/projects_current/CODEXParsons/unittests/./V2/Ericson2017figure4/Ericson2017figure4_10.py', 2, 1, 'sum = 0\n', 2, 4)), <traceback object at 0x104ccfe40>)"
V2/,Ericson2017figure4,Ericson2017figure4_11,False,runtime error,error running Ericson2017figure4_11,"(<class 'IndexError'>, IndexError('list index out of range'), <traceback object at 0x104ce04c0>)"
V2/,Ericson2017figure4,Ericson2017figure4_12,False,import error,error importing source code Ericson2017figure4_12,"(<class 'IndentationError'>, IndentationError('expected an indented block after function definition on line 1', ('/Users/bnr01a/Documents/data/projects_current/CODEXParsons/unittests/./V2/Ericson2017figure4/Ericson2017figure4_12.py', 2, 1, 'if (end - start + 1) >= 1:\n', 2, 3)), <traceback object at 0x104ce0240>)"
V2/,Ericson2017figure4,Ericson2017figure4_13,False,runtime error,error running Ericson2017figure4_13,"(<class 'IndexError'>, IndexError('list index out of range'), <traceback object at 0x104ce0480>)"
V2/,Ericson2017figure4,Ericson2017figure4_14,False,runtime error,error running Ericson2017figure4_14,"(<class 'IndexError'>, IndexError('list index out of range'), <traceback object at 0x104ce0640>)"
V2/,Ericson2017figure4,Ericson2017figure4_15,False,runtime error,error running Ericson2017figure4_15,"(<class 'IndexError'>, IndexError('list index out of range'), <traceback object at 0x104ce04c0>)"
V2/,Ericson2017figure4,Ericson2017figure4_16,False,import error,error importing source code Ericson2017figure4_16,"(<class 'IndentationError'>, IndentationError('expected an indented block after function definition on line 1', ('/Users/bnr01a/Documents/data/projects_current/CODEXParsons/unittests/./V2/Ericson2017figure4/Ericson2017figure4_16.py', 2, 1, 'if (end - start + 1) >= 1:\n', 2, 3)), <traceback object at 0x104ce0600>)"
V2/,Ericson2017figure4,Ericson2017figure4_17,False,runtime error,error running Ericson2017figure4_17,"(<class 'IndexError'>, IndexError('list index out of range'), <traceback object at 0x104ce06c0>)"
V2/,Ericson2017figure4,Ericson2017figure4_18,False,runtime error,error running Ericson2017figure4_18,"(<class 'IndexError'>, IndexError('list index out of range'), <traceback object at 0x104ce0b80>)"
V2/,Ericson2017figure4,Ericson2017figure4_19,False,runtime error,error running Ericson2017figure4_19,"(<class 'IndexError'>, IndexError('list index out of range'), <traceback object at 0x104ce0280>)"
V2/,Ericson2018figure5,Ericson2018figure5_5,False,import error,error importing source code Ericson2018figure5_5,"(<class 'IndentationError'>, IndentationError('expected an indented block after function definition on line 1', ('/Users/bnr01a/Documents/data/projects_current/CODEXParsons/unittests/./V2/Ericson2018figure5/Ericson2018figure5_5.py', 2, 1, 'max = elList[start]\n', 2, 4)), <traceback object at 0x1009854c0>)"
V2/,Ericson2018figure5,Ericson2018figure5_6,False,import error,error importing source code Ericson2018figure5_6,"(<class 'IndentationError'>, IndentationError(""expected an indented block after 'for' statement on line 3"", ('/Users/bnr01a/Documents/data/projects_current/CODEXParsons/unittests/./V2/Ericson2018figure5/Ericson2018figure5_6.py', 4, 1, 'value = elList[index]\n', 4, 6)), <traceback object at 0x100985680>)"
V2/,Ericson2018figure5,Ericson2018figure5_19,False,import error,error importing source code Ericson2018figure5_19,"(<class 'IndentationError'>, IndentationError('expected an indented block after function definition on line 1', ('/Users/bnr01a/Documents/data/projects_current/CODEXParsons/unittests/./V2/Ericson2018figure5/Ericson2018figure5_19.py', 2, 1, 'max = elList[start]\n', 2, 4)), <traceback object at 0x100986e80>)"
V2/,Ericson2022figure2,Ericson2022figure2_2,False,import error,error importing source code Ericson2022figure2_2,"(<class 'IndentationError'>, IndentationError('expected an indented block after function definition on line 1', ('/Users/bnr01a/Documents/data/projects_current/CODEXParsons/unittests/./V2/Ericson2022figure2/Ericson2022figure2_2.py', 2, 1, 'if guess < target:\n', 2, 3)), <traceback object at 0x100874b80>)"
V2/,Ericson2022figure2,Ericson2022figure2_5,False,import error,error importing source code Ericson2022figure2_5,"(<class 'IndentationError'>, IndentationError('expected an indented block after function definition on line 1', ('/Users/bnr01a/Documents/data/projects_current/CODEXParsons/unittests/./V2/Ericson2022figure2/Ericson2022figure2_5.py', 2, 1, 'if guess < target:\n', 2, 3)), <traceback object at 0x100875140>)"
V2/,Ericson2022figure2,Ericson2022figure2_9,False,import error,error importing source code Ericson2022figure2_9,"(<class 'IndentationError'>, IndentationError('expected an indented block after function definition on line 1', ('/Users/bnr01a/Documents/data/projects_current/CODEXParsons/unittests/./V2/Ericson2022figure2/Ericson2022figure2_9.py', 2, 1, 'if guess < target:\n', 2, 3)), <traceback object at 0x100875880>)"
V2/,Ericson2022figure2,Ericson2022figure2_11,False,import error,error importing source code Ericson2022figure2_11,"(<class 'IndentationError'>, IndentationError('expected an indented block after function definition on line 1', ('/Users/bnr01a/Documents/data/projects_current/CODEXParsons/unittests/./V2/Ericson2022figure2/Ericson2022figure2_11.py', 2, 1, 'if guess < target:\n', 2, 3)), <traceback object at 0x100875b40>)"
V2/,Ericson2022figure2,Ericson2022figure2_12,False,import error,error importing source code Ericson2022figure2_12,"(<class 'IndentationError'>, IndentationError('expected an indented block after function definition on line 1', ('/Users/bnr01a/Documents/data/projects_current/CODEXParsons/unittests/./V2/Ericson2022figure2/Ericson2022figure2_12.py', 2, 1, 'if guess == target:\n', 2, 3)), <traceback object at 0x100875d40>)"
V2/,Ericson2022figure2,Ericson2022figure2_14,False,import error,error importing source code Ericson2022figure2_14,"(<class 'IndentationError'>, IndentationError('expected an indented block after function definition on line 1', ('/Users/bnr01a/Documents/data/projects_current/CODEXParsons/unittests/./V2/Ericson2022figure2/Ericson2022figure2_14.py', 2, 1, 'if guess < target:\n', 2, 3)), <traceback object at 0x100875ec0>)"
V2/,Ericson2022figure2,Ericson2022figure2_16,False,import error,error importing source code Ericson2022figure2_16,"(<class 'IndentationError'>, IndentationError('expected an indented block after function definition on line 1', ('/Users/bnr01a/Documents/data/projects_current/CODEXParsons/unittests/./V2/Ericson2022figure2/Ericson2022figure2_16.py', 2, 1, 'if guess < target:\n', 2, 3)), <traceback object at 0x100876180>)"
V2/,Ericson2022figure2,Ericson2022figure2_18,False,import error,error importing source code Ericson2022figure2_18,"(<class 'IndentationError'>, IndentationError('expected an indented block after function definition on line 1', ('/Users/bnr01a/Documents/data/projects_current/CODEXParsons/unittests/./V2/Ericson2022figure2/Ericson2022figure2_18.py', 2, 1, 'if guess < target:\n', 2, 3)), <traceback object at 0x100876440>)"
V2/,Ericson2022figure3,Ericson2022figure3_2,False,import error,error importing source code Ericson2022figure3_2,"(<class 'IndentationError'>, IndentationError('expected an indented block after class definition on line 1', ('/Users/bnr01a/Documents/data/projects_current/CODEXParsons/unittests/./V2/Ericson2022figure3/Ericson2022figure3_2.py', 2, 1, 'def __init__(self, first, last):\n', 2, 4)), <traceback object at 0x100d64b80>)"
V2/,Ericson2022figure3,Ericson2022figure3_3,False,import error,error importing source code Ericson2022figure3_3,"(<class 'IndentationError'>, IndentationError('expected an indented block after class definition on line 1', ('/Users/bnr01a/Documents/data/projects_current/CODEXParsons/unittests/./V2/Ericson2022figure3/Ericson2022figure3_3.py', 2, 1, 'def __init__(self, first, last):\n', 2, 4)), <traceback object at 0x100d65740>)"
V2/,Ericson2022figure3,Ericson2022figure3_7,False,import error,error importing source code Ericson2022figure3_7,"(<class 'IndentationError'>, IndentationError('expected an indented block after class definition on line 1', ('/Users/bnr01a/Documents/data/projects_current/CODEXParsons/unittests/./V2/Ericson2022figure3/Ericson2022figure3_7.py', 2, 1, 'def __init__(self, first, last):\n', 2, 4)), <traceback object at 0x100d65e40>)"
V2/,Ericson2022figure3,Ericson2022figure3_9,False,import error,error importing source code Ericson2022figure3_9,"(<class 'IndentationError'>, IndentationError('expected an indented block after class definition on line 1', ('/Users/bnr01a/Documents/data/projects_current/CODEXParsons/unittests/./V2/Ericson2022figure3/Ericson2022figure3_9.py', 2, 1, 'def __init__(self, first, last):\n', 2, 4)), <traceback object at 0x100d66240>)"
V2/,Ericson2022figure3,Ericson2022figure3_12,False,output incorrect,a b = 'ab' 'a b',a b
V2/,Ericson2022figure3,Ericson2022figure3_12,False,output incorrect,aa bb = 'ab',aa bb
V2/,Ericson2022figure3,Ericson2022figure3_12,False,output incorrect,aaa bbb = ab,aaa bbb
V2/,Ericson2022figure3,Ericson2022figure3_12,False,output incorrect,"' spacea',' spaceb' = [  ] ", spacea  spaceb
V2/,Ericson2022figure3,Ericson2022figure3_12,False,output incorrect,"' spacesa ',' spacesb ' = ...", spacesa   spacesb 
V2/,Ericson2022figure3,Ericson2022figure3_12,False,output incorrect,"'a z','b z' = ab",a z b z
V2/,Ericson2022figure3,Ericson2022figure3_14,False,import error,error importing source code Ericson2022figure3_14,"(<class 'IndentationError'>, IndentationError('expected an indented block after class definition on line 1', ('/Users/bnr01a/Documents/data/projects_current/CODEXParsons/unittests/./V2/Ericson2022figure3/Ericson2022figure3_14.py', 2, 1, 'def __init__(self, first, last):\n', 2, 4)), <traceback object at 0x100d67cc0>)"
V2/,Ericson2022figure3,Ericson2022figure3_18,False,import error,error importing source code Ericson2022figure3_18,"(<class 'IndentationError'>, IndentationError('expected an indented block after class definition on line 1', ('/Users/bnr01a/Documents/data/projects_current/CODEXParsons/unittests/./V2/Ericson2022figure3/Ericson2022figure3_18.py', 2, 1, 'def __init__(self, first, last):\n', 2, 4)), <traceback object at 0x100d7c8c0>)"
V2/,Ericson2022figure4,Ericson2022figure4_0,False,import error,error importing source code Ericson2022figure4_0,"(<class 'IndentationError'>, IndentationError('expected an indented block after function definition on line 1', ('/Users/bnr01a/Documents/data/projects_current/CODEXParsons/unittests/./V2/Ericson2022figure4/Ericson2022figure4_0.py', 2, 1, 'if vacation:\n', 2, 3)), <traceback object at 0x10163fe00>)"
V2/,Ericson2022figure4,Ericson2022figure4_4,False,import error,error importing source code Ericson2022figure4_4,"(<class 'IndentationError'>, IndentationError('expected an indented block after function definition on line 1', ('/Users/bnr01a/Documents/data/projects_current/CODEXParsons/unittests/./V2/Ericson2022figure4/Ericson2022figure4_4.py', 2, 1, 'if day == 0 or day == 6:\n', 2, 3)), <traceback object at 0x10164cd40>)"
V2/,Ericson2022figure4,Ericson2022figure4_5,False,import error,error importing source code Ericson2022figure4_5,"(<class 'IndentationError'>, IndentationError('expected an indented block after function definition on line 1', ('/Users/bnr01a/Documents/data/projects_current/CODEXParsons/unittests/./V2/Ericson2022figure4/Ericson2022figure4_5.py', 2, 1, 'if vacation:\n', 2, 3)), <traceback object at 0x10163ff00>)"
V2/,Ericson2022figure4,Ericson2022figure4_8,False,import error,error importing source code Ericson2022figure4_8,"(<class 'IndentationError'>, IndentationError('expected an indented block after function definition on line 1', ('/Users/bnr01a/Documents/data/projects_current/CODEXParsons/unittests/./V2/Ericson2022figure4/Ericson2022figure4_8.py', 2, 1, 'if vacation:\n', 2, 3)), <traceback object at 0x10164d240>)"
V2/,Ericson2022figure4,Ericson2022figure4_9,False,import error,error importing source code Ericson2022figure4_9,"(<class 'IndentationError'>, IndentationError('expected an indented block after function definition on line 1', ('/Users/bnr01a/Documents/data/projects_current/CODEXParsons/unittests/./V2/Ericson2022figure4/Ericson2022figure4_9.py', 2, 1, 'if vacation:\n', 2, 3)), <traceback object at 0x10163fe00>)"
V2/,Ericson2022figure4,Ericson2022figure4_10,False,import error,error importing source code Ericson2022figure4_10,"(<class 'IndentationError'>, IndentationError('expected an indented block after function definition on line 1', ('/Users/bnr01a/Documents/data/projects_current/CODEXParsons/unittests/./V2/Ericson2022figure4/Ericson2022figure4_10.py', 2, 1, 'if vacation:\n', 2, 3)), <traceback object at 0x10164d280>)"
V2/,Ericson2022figure4,Ericson2022figure4_12,False,import error,error importing source code Ericson2022figure4_12,"(<class 'IndentationError'>, IndentationError('expected an indented block after function definition on line 1', ('/Users/bnr01a/Documents/data/projects_current/CODEXParsons/unittests/./V2/Ericson2022figure4/Ericson2022figure4_12.py', 2, 1, 'if day == 0 or day == 6:\n', 2, 3)), <traceback object at 0x10164d600>)"
V2/,Ericson2022figure4,Ericson2022figure4_13,False,import error,error importing source code Ericson2022figure4_13,"(<class 'IndentationError'>, IndentationError('expected an indented block after function definition on line 1', ('/Users/bnr01a/Documents/data/projects_current/CODEXParsons/unittests/./V2/Ericson2022figure4/Ericson2022figure4_13.py', 2, 1, 'if vacation:\n', 2, 3)), <traceback object at 0x10164d340>)"
V2/,Ericson2022figure4,Ericson2022figure4_16,False,import error,error importing source code Ericson2022figure4_16,"(<class 'IndentationError'>, IndentationError('expected an indented block after function definition on line 1', ('/Users/bnr01a/Documents/data/projects_current/CODEXParsons/unittests/./V2/Ericson2022figure4/Ericson2022figure4_16.py', 2, 1, 'if vacation:\n', 2, 3)), <traceback object at 0x10164db00>)"
V2/,Ericson2022figure4,Ericson2022figure4_17,False,import error,error importing source code Ericson2022figure4_17,"(<class 'IndentationError'>, IndentationError('expected an indented block after function definition on line 1', ('/Users/bnr01a/Documents/data/projects_current/CODEXParsons/unittests/./V2/Ericson2022figure4/Ericson2022figure4_17.py', 2, 1, 'if vacation:\n', 2, 3)), <traceback object at 0x10164d340>)"
V2/,Ericson2022figure8,Ericson2022figure8_12,False,import error,error importing source code Ericson2022figure8_12,"(<class 'IndentationError'>, IndentationError('expected an indented block after function definition on line 1', ('/Users/bnr01a/Documents/data/projects_current/CODEXParsons/unittests/./V2/Ericson2022figure8/Ericson2022figure8_12.py', 2, 1, 'if len(numList) == 0:\n', 2, 3)), <traceback object at 0x1029b9540>)"
V2/,Haynes_Magyar2022figure2,Haynes_Magyar2022figure2_0,False,runtime error,error running Haynes_Magyar2022figure2_0,"(<class 'NameError'>, NameError(""name 'num' is not defined""), <traceback object at 0x1045ffa00>)"
V2/,Haynes_Magyar2022figure2,Haynes_Magyar2022figure2_1,False,import error,error importing source code Haynes_Magyar2022figure2_1,"(<class 'IndentationError'>, IndentationError('expected an indented block after function definition on line 1', ('/Users/bnr01a/Documents/data/projects_current/CODEXParsons/unittests/./V2/Haynes_Magyar2022figure2/Haynes_Magyar2022figure2_1.py', 2, 1, 'for i in range (len(nums)-1):\n', 2, 4)), <traceback object at 0x1045ffa80>)"
V2/,Haynes_Magyar2022figure2,Haynes_Magyar2022figure2_2,False,import error,error importing source code Haynes_Magyar2022figure2_2,"(<class 'IndentationError'>, IndentationError(""expected an indented block after 'for' statement on line 1"", ('/Users/bnr01a/Documents/data/projects_current/CODEXParsons/unittests/./V2/Haynes_Magyar2022figure2/Haynes_Magyar2022figure2_2.py', 2, 1, 'if nums[i] == 2 and nums[i+1] == 2:\n', 2, 3)), <traceback object at 0x1045ff880>)"
V2/,Haynes_Magyar2022figure2,Haynes_Magyar2022figure2_4,False,runtime error,error running Haynes_Magyar2022figure2_4,"(<class 'NameError'>, NameError(""name 'num' is not defined""), <traceback object at 0x1045ffec0>)"
V2/,Haynes_Magyar2022figure2,Haynes_Magyar2022figure2_5,False,import error,error importing source code Haynes_Magyar2022figure2_5,"(<class 'IndentationError'>, IndentationError('expected an indented block after function definition on line 1', ('/Users/bnr01a/Documents/data/projects_current/CODEXParsons/unittests/./V2/Haynes_Magyar2022figure2/Haynes_Magyar2022figure2_5.py', 2, 1, 'for i in range (len(nums)-1):\n', 2, 4)), <traceback object at 0x104610100>)"
V2/,Haynes_Magyar2022figure2,Haynes_Magyar2022figure2_6,False,import error,error importing source code Haynes_Magyar2022figure2_6,"(<class 'IndentationError'>, IndentationError('expected an indented block after function definition on line 1', ('/Users/bnr01a/Documents/data/projects_current/CODEXParsons/unittests/./V2/Haynes_Magyar2022figure2/Haynes_Magyar2022figure2_6.py', 2, 1, 'for i in range (len(nums)-1):\n', 2, 4)), <traceback object at 0x1045ffe80>)"
V2/,Haynes_Magyar2022figure2,Haynes_Magyar2022figure2_9,False,import error,error importing source code Haynes_Magyar2022figure2_9,"(<class 'IndentationError'>, IndentationError('expected an indented block after function definition on line 1', ('/Users/bnr01a/Documents/data/projects_current/CODEXParsons/unittests/./V2/Haynes_Magyar2022figure2/Haynes_Magyar2022figure2_9.py', 2, 1, 'for i in range (len(nums)-1):\n', 2, 4)), <traceback object at 0x104610140>)"
V2/,Haynes_Magyar2022figure2,Haynes_Magyar2022figure2_10,False,runtime error,error running Haynes_Magyar2022figure2_10,"(<class 'NameError'>, NameError(""name 'num' is not defined""), <traceback object at 0x104610840>)"
V2/,Haynes_Magyar2022figure2,Haynes_Magyar2022figure2_11,False,runtime error,error running Haynes_Magyar2022figure2_11,"(<class 'NameError'>, NameError(""name 'num' is not defined""), <traceback object at 0x104610780>)"
V2/,Haynes_Magyar2022figure2,Haynes_Magyar2022figure2_12,False,runtime error,error running Haynes_Magyar2022figure2_12,"(<class 'NameError'>, NameError(""name 'num' is not defined""), <traceback object at 0x104610840>)"
V2/,Haynes_Magyar2022figure2,Haynes_Magyar2022figure2_13,False,import error,error importing source code Haynes_Magyar2022figure2_13,"(<class 'IndentationError'>, IndentationError('expected an indented block after function definition on line 1', ('/Users/bnr01a/Documents/data/projects_current/CODEXParsons/unittests/./V2/Haynes_Magyar2022figure2/Haynes_Magyar2022figure2_13.py', 2, 1, 'for i in range (len(nums)-1):\n', 2, 4)), <traceback object at 0x104610700>)"
V2/,Haynes_Magyar2022figure2,Haynes_Magyar2022figure2_14,False,import error,error importing source code Haynes_Magyar2022figure2_14,"(<class 'IndentationError'>, IndentationError('expected an indented block after function definition on line 1', ('/Users/bnr01a/Documents/data/projects_current/CODEXParsons/unittests/./V2/Haynes_Magyar2022figure2/Haynes_Magyar2022figure2_14.py', 2, 1, 'for i in range (len(nums)-1):\n', 2, 4)), <traceback object at 0x104610840>)"
V2/,Haynes_Magyar2022figure2,Haynes_Magyar2022figure2_16,False,import error,error importing source code Haynes_Magyar2022figure2_16,"(<class 'IndentationError'>, IndentationError('expected an indented block after function definition on line 1', ('/Users/bnr01a/Documents/data/projects_current/CODEXParsons/unittests/./V2/Haynes_Magyar2022figure2/Haynes_Magyar2022figure2_16.py', 2, 1, 'for i in range (len(nums)-1):\n', 2, 4)), <traceback object at 0x104610a00>)"
V2/,Haynes_Magyar2022figure2,Haynes_Magyar2022figure2_17,False,import error,error importing source code Haynes_Magyar2022figure2_17,"(<class 'IndentationError'>, IndentationError('expected an indented block after function definition on line 1', ('/Users/bnr01a/Documents/data/projects_current/CODEXParsons/unittests/./V2/Haynes_Magyar2022figure2/Haynes_Magyar2022figure2_17.py', 2, 1, 'for i in range (len(nums)-1):\n', 2, 4)), <traceback object at 0x104610f80>)"
V2/,Haynes_Magyar2022figure2,Haynes_Magyar2022figure2_19,False,import error,error importing source code Haynes_Magyar2022figure2_19,"(<class 'IndentationError'>, IndentationError('expected an indented block after function definition on line 1', ('/Users/bnr01a/Documents/data/projects_current/CODEXParsons/unittests/./V2/Haynes_Magyar2022figure2/Haynes_Magyar2022figure2_19.py', 2, 1, 'for i in range (len(nums)-1):\n', 2, 4)), <traceback object at 0x104611000>)"
V2/,Haynes_Magyar2022figure4,Haynes_Magyar2022figure4_1,False,import error,error importing source code Haynes_Magyar2022figure4_1,"(<class 'IndentationError'>, IndentationError('expected an indented block after function definition on line 1', ('/Users/bnr01a/Documents/data/projects_current/CODEXParsons/unittests/./V2/Haynes_Magyar2022figure4/Haynes_Magyar2022figure4_1.py', 2, 1, 'count = 0\n', 2, 6)), <traceback object at 0x102928600>)"
V2/,Haynes_Magyar2022figure4,Haynes_Magyar2022figure4_2,False,import error,error importing source code Haynes_Magyar2022figure4_2,"(<class 'IndentationError'>, IndentationError('expected an indented block after function definition on line 1', ('/Users/bnr01a/Documents/data/projects_current/CODEXParsons/unittests/./V2/Haynes_Magyar2022figure4/Haynes_Magyar2022figure4_2.py', 2, 1, 'count = 0\n', 2, 6)), <traceback object at 0x1029289c0>)"
V2/,Haynes_Magyar2022figure4,Haynes_Magyar2022figure4_4,False,import error,error importing source code Haynes_Magyar2022figure4_4,"(<class 'IndentationError'>, IndentationError('expected an indented block after function definition on line 1', ('/Users/bnr01a/Documents/data/projects_current/CODEXParsons/unittests/./V2/Haynes_Magyar2022figure4/Haynes_Magyar2022figure4_4.py', 2, 1, 'count = 0\n', 2, 6)), <traceback object at 0x102928ec0>)"
V2/,Haynes_Magyar2022figure4,Haynes_Magyar2022figure4_8,False,import error,error importing source code Haynes_Magyar2022figure4_8,"(<class 'IndentationError'>, IndentationError('expected an indented block after function definition on line 1', ('/Users/bnr01a/Documents/data/projects_current/CODEXParsons/unittests/./V2/Haynes_Magyar2022figure4/Haynes_Magyar2022figure4_8.py', 2, 1, 'count = 0\n', 2, 6)), <traceback object at 0x102929480>)"
V2/,Haynes_Magyar2022figure4,Haynes_Magyar2022figure4_12,False,import error,error importing source code Haynes_Magyar2022figure4_12,"(<class 'IndentationError'>, IndentationError('expected an indented block after function definition on line 1', ('/Users/bnr01a/Documents/data/projects_current/CODEXParsons/unittests/./V2/Haynes_Magyar2022figure4/Haynes_Magyar2022figure4_12.py', 2, 1, 'count = 0\n', 2, 6)), <traceback object at 0x102929a40>)"
V2/,Haynes_Magyar2022figure4,Haynes_Magyar2022figure4_15,False,import error,error importing source code Haynes_Magyar2022figure4_15,"(<class 'IndentationError'>, IndentationError('expected an indented block after function definition on line 1', ('/Users/bnr01a/Documents/data/projects_current/CODEXParsons/unittests/./V2/Haynes_Magyar2022figure4/Haynes_Magyar2022figure4_15.py', 2, 1, 'count = 0\n', 2, 6)), <traceback object at 0x102929e80>)"
V2/,Haynes_Magyar2022figure4,Haynes_Magyar2022figure4_17,False,import error,error importing source code Haynes_Magyar2022figure4_17,"(<class 'IndentationError'>, IndentationError('expected an indented block after function definition on line 1', ('/Users/bnr01a/Documents/data/projects_current/CODEXParsons/unittests/./V2/Haynes_Magyar2022figure4/Haynes_Magyar2022figure4_17.py', 2, 1, 'count = 0\n', 2, 6)), <traceback object at 0x102929ec0>)"
V2/,Haynes_Magyar2022figure4,Haynes_Magyar2022figure4_19,False,import error,error importing source code Haynes_Magyar2022figure4_19,"(<class 'IndentationError'>, IndentationError('expected an indented block after function definition on line 1', ('/Users/bnr01a/Documents/data/projects_current/CODEXParsons/unittests/./V2/Haynes_Magyar2022figure4/Haynes_Magyar2022figure4_19.py', 2, 1, 'count = 0\n', 2, 6)), <traceback object at 0x10292a100>)"
V2/,Hou2022figure2,Hou2022figure2_1,False,import error,error importing source code Hou2022figure2_1,"(<class 'IndentationError'>, IndentationError('expected an indented block after function definition on line 1', ('/Users/bnr01a/Documents/data/projects_current/CODEXParsons/unittests/./V2/Hou2022figure2/Hou2022figure2_1.py', 2, 1, 'new_list = []\n', 2, 9)), <traceback object at 0x103374600>)"
V2/,Hou2022figure2,Hou2022figure2_6,False,import error,error importing source code Hou2022figure2_6,"(<class 'IndentationError'>, IndentationError('expected an indented block after function definition on line 1', ('/Users/bnr01a/Documents/data/projects_current/CODEXParsons/unittests/./V2/Hou2022figure2/Hou2022figure2_6.py', 2, 1, 'new_list = []\n', 2, 9)), <traceback object at 0x103375580>)"
V2/,Hou2022figure2,Hou2022figure2_8,False,import error,error importing source code Hou2022figure2_8,"(<class 'IndentationError'>, IndentationError('expected an indented block after function definition on line 1', ('/Users/bnr01a/Documents/data/projects_current/CODEXParsons/unittests/./V2/Hou2022figure2/Hou2022figure2_8.py', 2, 1, 'new_list = []\n', 2, 9)), <traceback object at 0x1033755c0>)"
V2/,Hou2022figure2,Hou2022figure2_13,False,import error,error importing source code Hou2022figure2_13,"(<class 'IndentationError'>, IndentationError('expected an indented block after function definition on line 1', ('/Users/bnr01a/Documents/data/projects_current/CODEXParsons/unittests/./V2/Hou2022figure2/Hou2022figure2_13.py', 2, 1, 'new_list = []\n', 2, 9)), <traceback object at 0x103375f40>)"
V2/,Karavirta2012Figure3,Karavirta2012Figure3_0,False,runtime error,error running Karavirta2012Figure3_0,"(<class 'IndexError'>, IndexError('list index out of range'), <traceback object at 0x10177bc40>)"
V2/,Karavirta2012Figure3,Karavirta2012Figure3_2,False,runtime error,error running Karavirta2012Figure3_2,"(<class 'IndexError'>, IndexError('list index out of range'), <traceback object at 0x101788380>)"
V2/,Karavirta2012Figure3,Karavirta2012Figure3_4,False,import error,error importing source code Karavirta2012Figure3_4,"(<class 'IndentationError'>, IndentationError('expected an indented block after function definition on line 1', ('/Users/bnr01a/Documents/data/projects_current/CODEXParsons/unittests/./V2/Karavirta2012Figure3/Karavirta2012Figure3_4.py', 2, 1, 'if len(alist) > 0:\n', 2, 3)), <traceback object at 0x101788940>)"
V2/,Karavirta2012Figure3,Karavirta2012Figure3_7,False,runtime error,error running Karavirta2012Figure3_7,"(<class 'UnboundLocalError'>, UnboundLocalError(""local variable 'curmax' referenced before assignment""), <traceback object at 0x101788d80>)"
V2/,Karavirta2012Figure3,Karavirta2012Figure3_10,False,runtime error,error running Karavirta2012Figure3_10,"(<class 'IndexError'>, IndexError('list index out of range'), <traceback object at 0x101789380>)"
V2/,Karavirta2012Figure3,Karavirta2012Figure3_11,False,import error,error importing source code Karavirta2012Figure3_11,"(<class 'NameError'>, NameError(""name 'alist' is not defined""), <traceback object at 0x101788d40>)"
V2/,Karavirta2012Figure3,Karavirta2012Figure3_15,False,import error,error importing source code Karavirta2012Figure3_15,"(<class 'IndentationError'>, IndentationError('expected an indented block after function definition on line 1', ('/Users/bnr01a/Documents/data/projects_current/CODEXParsons/unittests/./V2/Karavirta2012Figure3/Karavirta2012Figure3_15.py', 2, 1, 'curmax=alist[0]\n', 2, 7)), <traceback object at 0x101789cc0>)"
V2/,Karavirta2012Figure3,Karavirta2012Figure3_17,False,import error,error importing source code Karavirta2012Figure3_17,"(<class 'NameError'>, NameError(""name 'alist' is not defined""), <traceback object at 0x101789d40>)"
V2/,Karavirta2012Figure3,Karavirta2012Figure3_19,False,runtime error,error running Karavirta2012Figure3_19,"(<class 'IndexError'>, IndexError('list index out of range'), <traceback object at 0x10178a2c0>)"
V2/,Weinmann2021figure1,Weinmann2021figure1_2,False,import error,error importing source code Weinmann2021figure1_2,"(<class 'IndentationError'>, IndentationError('expected an indented block after function definition on line 1', ('/Users/bnr01a/Documents/data/projects_current/CODEXParsons/unittests/./V2/Weinmann2021figure1/Weinmann2021figure1_2.py', 2, 1, 'for index in range (len(li)-1,-1,-1):\n', 2, 4)), <traceback object at 0x102fb9540>)"
V2/,Weinmann2021figure1,Weinmann2021figure1_3,False,import error,error importing source code Weinmann2021figure1_3,"(<class 'IndentationError'>, IndentationError('expected an indented block after function definition on line 1', ('/Users/bnr01a/Documents/data/projects_current/CODEXParsons/unittests/./V2/Weinmann2021figure1/Weinmann2021figure1_3.py', 2, 1, 'for index in range (len(li)-1,-1,-1):\n', 2, 4)), <traceback object at 0x102fb9700>)"
V2/,Weinmann2021figure1,Weinmann2021figure1_16,False,import error,error importing source code Weinmann2021figure1_16,"(<class 'IndentationError'>, IndentationError('expected an indented block after function definition on line 1', ('/Users/bnr01a/Documents/data/projects_current/CODEXParsons/unittests/./V2/Weinmann2021figure1/Weinmann2021figure1_16.py', 2, 1, 'for index in range (len(li)-1,-1,-1):\n', 2, 4)), <traceback object at 0x102fbac40>)"
V2/,Weinmann2021figure1,Weinmann2021figure1_18,False,import error,error importing source code Weinmann2021figure1_18,"(<class 'IndentationError'>, IndentationError('expected an indented block after function definition on line 1', ('/Users/bnr01a/Documents/data/projects_current/CODEXParsons/unittests/./V2/Weinmann2021figure1/Weinmann2021figure1_18.py', 2, 1, 'for index in range (len(li)-1,-1,-1):\n', 2, 4)), <traceback object at 0x102fbaf00>)"
V3/,Ericson2017figure1,Ericson2017figure1_3,False,runtime error,error running Ericson2017figure1_3,"(<class 'NameError'>, NameError(""name 'numList' is not defined""), <traceback object at 0x100c844c0>)"
V3/,Ericson2017figure1,Ericson2017figure1_5,False,runtime error,error running Ericson2017figure1_5,"(<class 'NameError'>, NameError(""name 'numList' is not defined""), <traceback object at 0x100c84a00>)"
V3/,Ericson2017figure1,Ericson2017figure1_7,False,runtime error,error running Ericson2017figure1_7,"(<class 'NameError'>, NameError(""name 'numList' is not defined""), <traceback object at 0x100c84dc0>)"
V3/,Ericson2017figure1,Ericson2017figure1_11,False,runtime error,error running Ericson2017figure1_11,"(<class 'NameError'>, NameError(""name 'numList' is not defined""), <traceback object at 0x100c85580>)"
V3/,Ericson2017figure1,Ericson2017figure1_12,False,runtime error,error running Ericson2017figure1_12,"(<class 'NameError'>, NameError(""name 'numList' is not defined""), <traceback object at 0x100c84300>)"
V3/,Ericson2017figure4,Ericson2017figure4_0,False,runtime error,error running Ericson2017figure4_0,"(<class 'IndexError'>, IndexError('list index out of range'), <traceback object at 0x104e13b00>)"
V3/,Ericson2017figure4,Ericson2017figure4_1,False,runtime error,error running Ericson2017figure4_1,"(<class 'IndexError'>, IndexError('list index out of range'), <traceback object at 0x104e13cc0>)"
V3/,Ericson2017figure4,Ericson2017figure4_2,False,runtime error,error running Ericson2017figure4_2,"(<class 'IndexError'>, IndexError('list index out of range'), <traceback object at 0x104e13a80>)"
V3/,Ericson2017figure4,Ericson2017figure4_3,False,runtime error,error running Ericson2017figure4_3,"(<class 'IndexError'>, IndexError('list index out of range'), <traceback object at 0x104e13c40>)"
V3/,Ericson2017figure4,Ericson2017figure4_4,False,runtime error,error running Ericson2017figure4_4,"(<class 'IndexError'>, IndexError('list index out of range'), <traceback object at 0x104e13b00>)"
V3/,Ericson2017figure4,Ericson2017figure4_5,False,runtime error,error running Ericson2017figure4_5,"(<class 'IndexError'>, IndexError('list index out of range'), <traceback object at 0x104e20040>)"
V3/,Ericson2017figure4,Ericson2017figure4_6,False,runtime error,error running Ericson2017figure4_6,"(<class 'IndexError'>, IndexError('list index out of range'), <traceback object at 0x104e20200>)"
V3/,Ericson2017figure4,Ericson2017figure4_7,False,import error,error importing source code Ericson2017figure4_7,"(<class 'IndentationError'>, IndentationError('expected an indented block after function definition on line 1', ('/Users/bnr01a/Documents/data/projects_current/CODEXParsons/unittests/./V3/Ericson2017figure4/Ericson2017figure4_7.py', 2, 1, 'sum = 0\n', 2, 4)), <traceback object at 0x104e20040>)"
V3/,Ericson2017figure4,Ericson2017figure4_8,False,import error,error importing source code Ericson2017figure4_8,"(<class 'IndentationError'>, IndentationError('expected an indented block after function definition on line 1', ('/Users/bnr01a/Documents/data/projects_current/CODEXParsons/unittests/./V3/Ericson2017figure4/Ericson2017figure4_8.py', 2, 1, 'sum = 0\n', 2, 4)), <traceback object at 0x104e13f40>)"
V3/,Ericson2017figure4,Ericson2017figure4_9,False,runtime error,error running Ericson2017figure4_9,"(<class 'IndexError'>, IndexError('list index out of range'), <traceback object at 0x104e206c0>)"
V3/,Ericson2017figure4,Ericson2017figure4_10,False,runtime error,error running Ericson2017figure4_10,"(<class 'IndexError'>, IndexError('list index out of range'), <traceback object at 0x104e201c0>)"
V3/,Ericson2017figure4,Ericson2017figure4_11,False,runtime error,error running Ericson2017figure4_11,"(<class 'IndexError'>, IndexError('list index out of range'), <traceback object at 0x104e20040>)"
V3/,Ericson2017figure4,Ericson2017figure4_12,False,runtime error,error running Ericson2017figure4_12,"(<class 'IndexError'>, IndexError('list index out of range'), <traceback object at 0x104e20700>)"
V3/,Ericson2017figure4,Ericson2017figure4_13,False,runtime error,error running Ericson2017figure4_13,"(<class 'IndexError'>, IndexError('list index out of range'), <traceback object at 0x104e20880>)"
V3/,Ericson2017figure4,Ericson2017figure4_14,False,runtime error,error running Ericson2017figure4_14,"(<class 'IndexError'>, IndexError('list index out of range'), <traceback object at 0x104e20380>)"
V3/,Ericson2017figure4,Ericson2017figure4_15,False,runtime error,error running Ericson2017figure4_15,"(<class 'IndexError'>, IndexError('list index out of range'), <traceback object at 0x104e20640>)"
V3/,Ericson2017figure4,Ericson2017figure4_16,False,runtime error,error running Ericson2017figure4_16,"(<class 'IndexError'>, IndexError('list index out of range'), <traceback object at 0x104e20980>)"
V3/,Ericson2017figure4,Ericson2017figure4_17,False,runtime error,error running Ericson2017figure4_17,"(<class 'IndexError'>, IndexError('list index out of range'), <traceback object at 0x104e20b00>)"
V3/,Ericson2017figure4,Ericson2017figure4_18,False,runtime error,error running Ericson2017figure4_18,"(<class 'IndexError'>, IndexError('list index out of range'), <traceback object at 0x104e20c80>)"
V3/,Ericson2017figure4,Ericson2017figure4_19,False,import error,error importing source code Ericson2017figure4_19,"(<class 'IndentationError'>, IndentationError('expected an indented block after function definition on line 1', ('/Users/bnr01a/Documents/data/projects_current/CODEXParsons/unittests/./V3/Ericson2017figure4/Ericson2017figure4_19.py', 2, 1, 'if (end - start + 1) >= 1:\n', 2, 3)), <traceback object at 0x104e21100>)"
V3/,Ericson2018figure5,Ericson2018figure5_4,False,import error,error importing source code Ericson2018figure5_4,"(<class 'IndentationError'>, IndentationError('expected an indented block after function definition on line 1', ('/Users/bnr01a/Documents/data/projects_current/CODEXParsons/unittests/./V3/Ericson2018figure5/Ericson2018figure5_4.py', 2, 1, 'max = elList[start]\n', 2, 4)), <traceback object at 0x103311380>)"
V3/,Ericson2018figure5,Ericson2018figure5_11,False,import error,error importing source code Ericson2018figure5_11,"(<class 'IndentationError'>, IndentationError('expected an indented block after function definition on line 1', ('/Users/bnr01a/Documents/data/projects_current/CODEXParsons/unittests/./V3/Ericson2018figure5/Ericson2018figure5_11.py', 2, 1, 'max = elList[start]\n', 2, 4)), <traceback object at 0x1033120c0>)"
V3/,Ericson2018figure5,Ericson2018figure5_13,False,import error,error importing source code Ericson2018figure5_13,"(<class 'IndentationError'>, IndentationError('expected an indented block after function definition on line 1', ('/Users/bnr01a/Documents/data/projects_current/CODEXParsons/unittests/./V3/Ericson2018figure5/Ericson2018figure5_13.py', 2, 1, 'max = elList[start]\n', 2, 4)), <traceback object at 0x103312340>)"
V3/,Ericson2018figure5,Ericson2018figure5_14,False,import error,error importing source code Ericson2018figure5_14,"(<class 'IndentationError'>, IndentationError('expected an indented block after function definition on line 1', ('/Users/bnr01a/Documents/data/projects_current/CODEXParsons/unittests/./V3/Ericson2018figure5/Ericson2018figure5_14.py', 2, 1, 'min = elList[start]\n', 2, 4)), <traceback object at 0x103312540>)"
V3/,Ericson2018figure5,Ericson2018figure5_17,False,import error,error importing source code Ericson2018figure5_17,"(<class 'IndentationError'>, IndentationError(""expected an indented block after 'for' statement on line 3"", ('/Users/bnr01a/Documents/data/projects_current/CODEXParsons/unittests/./V3/Ericson2018figure5/Ericson2018figure5_17.py', 4, 1, 'value = elList[index]\n', 4, 6)), <traceback object at 0x103312840>)"
V3/,Ericson2018figure5,Ericson2018figure5_18,False,import error,error importing source code Ericson2018figure5_18,"(<class 'IndentationError'>, IndentationError('expected an indented block after function definition on line 1', ('/Users/bnr01a/Documents/data/projects_current/CODEXParsons/unittests/./V3/Ericson2018figure5/Ericson2018figure5_18.py', 2, 1, 'max = elList[start]\n', 2, 4)), <traceback object at 0x103312a00>)"
V3/,Ericson2022figure2,Ericson2022figure2_4,False,import error,error importing source code Ericson2022figure2_4,"(<class 'IndentationError'>, IndentationError('expected an indented block after function definition on line 1', ('/Users/bnr01a/Documents/data/projects_current/CODEXParsons/unittests/./V3/Ericson2022figure2/Ericson2022figure2_4.py', 2, 1, 'if guess == target:\n', 2, 3)), <traceback object at 0x1007251c0>)"
V3/,Ericson2022figure2,Ericson2022figure2_13,False,import error,error importing source code Ericson2022figure2_13,"(<class 'IndentationError'>, IndentationError('expected an indented block after function definition on line 1', ('/Users/bnr01a/Documents/data/projects_current/CODEXParsons/unittests/./V3/Ericson2022figure2/Ericson2022figure2_13.py', 2, 1, 'if guess < target:\n', 2, 3)), <traceback object at 0x100726500>)"
V3/,Ericson2022figure2,Ericson2022figure2_14,False,import error,error importing source code Ericson2022figure2_14,"(<class 'IndentationError'>, IndentationError('expected an indented block after function definition on line 1', ('/Users/bnr01a/Documents/data/projects_current/CODEXParsons/unittests/./V3/Ericson2022figure2/Ericson2022figure2_14.py', 2, 1, 'if guess < target:\n', 2, 3)), <traceback object at 0x100726700>)"
V3/,Ericson2022figure3,Ericson2022figure3_0,False,import error,error importing source code Ericson2022figure3_0,"(<class 'IndentationError'>, IndentationError('expected an indented block after class definition on line 1', ('/Users/bnr01a/Documents/data/projects_current/CODEXParsons/unittests/./V3/Ericson2022figure3/Ericson2022figure3_0.py', 2, 1, 'def __init__(self, first, last):\n', 2, 4)), <traceback object at 0x105044d80>)"
V3/,Ericson2022figure3,Ericson2022figure3_3,False,import error,error importing source code Ericson2022figure3_3,"(<class 'IndentationError'>, IndentationError('expected an indented block after class definition on line 1', ('/Users/bnr01a/Documents/data/projects_current/CODEXParsons/unittests/./V3/Ericson2022figure3/Ericson2022figure3_3.py', 2, 1, 'def __init__(self, first, last):\n', 2, 4)), <traceback object at 0x105044e80>)"
V3/,Ericson2022figure3,Ericson2022figure3_10,False,import error,error importing source code Ericson2022figure3_10,"(<class 'IndentationError'>, IndentationError('expected an indented block after class definition on line 1', ('/Users/bnr01a/Documents/data/projects_current/CODEXParsons/unittests/./V3/Ericson2022figure3/Ericson2022figure3_10.py', 2, 1, 'def __init__(self, first, last):\n', 2, 4)), <traceback object at 0x105046d00>)"
V3/,Ericson2022figure3,Ericson2022figure3_14,False,import error,error importing source code Ericson2022figure3_14,"(<class 'IndentationError'>, IndentationError('expected an indented block after class definition on line 1', ('/Users/bnr01a/Documents/data/projects_current/CODEXParsons/unittests/./V3/Ericson2022figure3/Ericson2022figure3_14.py', 2, 1, 'def __init__(self, first, last):\n', 2, 4)), <traceback object at 0x105047c80>)"
V3/,Ericson2022figure3,Ericson2022figure3_15,False,import error,error importing source code Ericson2022figure3_15,"(<class 'IndentationError'>, IndentationError('expected an indented block after class definition on line 1', ('/Users/bnr01a/Documents/data/projects_current/CODEXParsons/unittests/./V3/Ericson2022figure3/Ericson2022figure3_15.py', 2, 1, 'def __init__(self, first, last):\n', 2, 4)), <traceback object at 0x105047d80>)"
V3/,Ericson2022figure3,Ericson2022figure3_17,False,import error,error importing source code Ericson2022figure3_17,"(<class 'IndentationError'>, IndentationError('expected an indented block after class definition on line 1', ('/Users/bnr01a/Documents/data/projects_current/CODEXParsons/unittests/./V3/Ericson2022figure3/Ericson2022figure3_17.py', 2, 1, 'def __init__(self, first, last):\n', 2, 4)), <traceback object at 0x105047840>)"
V3/,Ericson2022figure4,Ericson2022figure4_4,False,import error,error importing source code Ericson2022figure4_4,"(<class 'IndentationError'>, IndentationError('expected an indented block after function definition on line 1', ('/Users/bnr01a/Documents/data/projects_current/CODEXParsons/unittests/./V3/Ericson2022figure4/Ericson2022figure4_4.py', 2, 1, 'if day == 0 or day == 6:\n', 2, 3)), <traceback object at 0x1049e9000>)"
V3/,Ericson2022figure4,Ericson2022figure4_9,False,import error,error importing source code Ericson2022figure4_9,"(<class 'IndentationError'>, IndentationError('expected an indented block after function definition on line 1', ('/Users/bnr01a/Documents/data/projects_current/CODEXParsons/unittests/./V3/Ericson2022figure4/Ericson2022figure4_9.py', 2, 1, 'if day == 0 or day == 6:\n', 2, 3)), <traceback object at 0x1049e9940>)"
V3/,Ericson2022figure4,Ericson2022figure4_10,False,import error,error importing source code Ericson2022figure4_10,"(<class 'IndentationError'>, IndentationError('expected an indented block after function definition on line 1', ('/Users/bnr01a/Documents/data/projects_current/CODEXParsons/unittests/./V3/Ericson2022figure4/Ericson2022figure4_10.py', 2, 1, 'if vacation:\n', 2, 3)), <traceback object at 0x1049e9b40>)"
V3/,Ericson2022figure4,Ericson2022figure4_11,False,import error,error importing source code Ericson2022figure4_11,"(<class 'IndentationError'>, IndentationError('expected an indented block after function definition on line 1', ('/Users/bnr01a/Documents/data/projects_current/CODEXParsons/unittests/./V3/Ericson2022figure4/Ericson2022figure4_11.py', 2, 1, 'if day == 0 or day == 6:\n', 2, 3)), <traceback object at 0x1049e9b80>)"
V3/,Ericson2022figure4,Ericson2022figure4_13,False,import error,error importing source code Ericson2022figure4_13,"(<class 'IndentationError'>, IndentationError('expected an indented block after function definition on line 1', ('/Users/bnr01a/Documents/data/projects_current/CODEXParsons/unittests/./V3/Ericson2022figure4/Ericson2022figure4_13.py', 2, 1, 'if vacation:\n', 2, 3)), <traceback object at 0x1049e9cc0>)"
V3/,Ericson2022figure4,Ericson2022figure4_16,False,import error,error importing source code Ericson2022figure4_16,"(<class 'IndentationError'>, IndentationError('expected an indented block after function definition on line 1', ('/Users/bnr01a/Documents/data/projects_current/CODEXParsons/unittests/./V3/Ericson2022figure4/Ericson2022figure4_16.py', 2, 1, 'if vacation:\n', 2, 3)), <traceback object at 0x1049ea1c0>)"
V3/,Ericson2022figure8,Ericson2022figure8_1,False,runtime error,[] = 0,
V3/,Ericson2022figure8,Ericson2022figure8_2,False,runtime error,[] = 0,
V3/,Ericson2022figure8,Ericson2022figure8_5,False,runtime error,[] = 0,
V3/,Ericson2022figure8,Ericson2022figure8_6,False,runtime error,[] = 0,
V3/,Ericson2022figure8,Ericson2022figure8_7,False,runtime error,[] = 0,
V3/,Ericson2022figure8,Ericson2022figure8_9,False,runtime error,[] = 0,
V3/,Ericson2022figure8,Ericson2022figure8_12,False,import error,error importing source code Ericson2022figure8_12,"(<class 'IndentationError'>, IndentationError('expected an indented block after function definition on line 1', ('/Users/bnr01a/Documents/data/projects_current/CODEXParsons/unittests/./V3/Ericson2022figure8/Ericson2022figure8_12.py', 2, 1, 'if len(numList) == 0:\n', 2, 3)), <traceback object at 0x104f19b00>)"
V3/,Ericson2022figure8,Ericson2022figure8_16,False,runtime error,[] = 0,
V3/,Haynes_Magyar2022figure2,Haynes_Magyar2022figure2_1,False,runtime error,error running Haynes_Magyar2022figure2_1,"(<class 'NameError'>, NameError(""name 'num' is not defined""), <traceback object at 0x1054bfec0>)"
V3/,Haynes_Magyar2022figure2,Haynes_Magyar2022figure2_2,False,runtime error,error running Haynes_Magyar2022figure2_2,"(<class 'NameError'>, NameError(""name 'num' is not defined""), <traceback object at 0x1054cc080>)"
V3/,Haynes_Magyar2022figure2,Haynes_Magyar2022figure2_3,False,runtime error,error running Haynes_Magyar2022figure2_3,"(<class 'NameError'>, NameError(""name 'num' is not defined""), <traceback object at 0x1054cc280>)"
V3/,Haynes_Magyar2022figure2,Haynes_Magyar2022figure2_4,False,runtime error,error running Haynes_Magyar2022figure2_4,"(<class 'NameError'>, NameError(""name 'num' is not defined""), <traceback object at 0x1054cc040>)"
V3/,Haynes_Magyar2022figure2,Haynes_Magyar2022figure2_7,False,import error,error importing source code Haynes_Magyar2022figure2_7,"(<class 'IndentationError'>, IndentationError('expected an indented block after function definition on line 1', ('/Users/bnr01a/Documents/data/projects_current/CODEXParsons/unittests/./V3/Haynes_Magyar2022figure2/Haynes_Magyar2022figure2_7.py', 2, 1, 'for i in range (len(nums)-1):\n', 2, 4)), <traceback object at 0x1054cc640>)"
V3/,Haynes_Magyar2022figure2,Haynes_Magyar2022figure2_8,False,runtime error,error running Haynes_Magyar2022figure2_8,"(<class 'NameError'>, NameError(""name 'num' is not defined""), <traceback object at 0x1054cc100>)"
V3/,Haynes_Magyar2022figure2,Haynes_Magyar2022figure2_9,False,runtime error,error running Haynes_Magyar2022figure2_9,"(<class 'NameError'>, NameError(""name 'num' is not defined""), <traceback object at 0x1054ccb80>)"
V3/,Haynes_Magyar2022figure2,Haynes_Magyar2022figure2_10,False,runtime error,error running Haynes_Magyar2022figure2_10,"(<class 'NameError'>, NameError(""name 'num' is not defined""), <traceback object at 0x1054cc380>)"
V3/,Haynes_Magyar2022figure2,Haynes_Magyar2022figure2_11,False,runtime error,error running Haynes_Magyar2022figure2_11,"(<class 'NameError'>, NameError(""name 'num' is not defined""), <traceback object at 0x1054ccb40>)"
V3/,Haynes_Magyar2022figure2,Haynes_Magyar2022figure2_12,False,runtime error,error running Haynes_Magyar2022figure2_12,"(<class 'NameError'>, NameError(""name 'num' is not defined""), <traceback object at 0x1054ccc40>)"
V3/,Haynes_Magyar2022figure2,Haynes_Magyar2022figure2_13,False,runtime error,error running Haynes_Magyar2022figure2_13,"(<class 'NameError'>, NameError(""name 'num' is not defined""), <traceback object at 0x1054ccb00>)"
V3/,Haynes_Magyar2022figure2,Haynes_Magyar2022figure2_14,False,runtime error,error running Haynes_Magyar2022figure2_14,"(<class 'NameError'>, NameError(""name 'num' is not defined""), <traceback object at 0x1054cd240>)"
V3/,Haynes_Magyar2022figure2,Haynes_Magyar2022figure2_16,False,runtime error,error running Haynes_Magyar2022figure2_16,"(<class 'NameError'>, NameError(""name 'num' is not defined""), <traceback object at 0x1054cd680>)"
V3/,Haynes_Magyar2022figure2,Haynes_Magyar2022figure2_17,False,runtime error,error running Haynes_Magyar2022figure2_17,"(<class 'NameError'>, NameError(""name 'num' is not defined""), <traceback object at 0x1054cd100>)"
V3/,Haynes_Magyar2022figure2,Haynes_Magyar2022figure2_18,False,runtime error,error running Haynes_Magyar2022figure2_18,"(<class 'NameError'>, NameError(""name 'num' is not defined""), <traceback object at 0x1054cd400>)"
V3/,Haynes_Magyar2022figure2,Haynes_Magyar2022figure2_19,False,runtime error,error running Haynes_Magyar2022figure2_19,"(<class 'NameError'>, NameError(""name 'num' is not defined""), <traceback object at 0x1054cc380>)"
V3/,Haynes_Magyar2022figure4,Haynes_Magyar2022figure4_3,False,runtime error,error running Haynes_Magyar2022figure4_3,"(<class 'UnboundLocalError'>, UnboundLocalError(""local variable 'count' referenced before assignment""), <traceback object at 0x1053510c0>)"
V3/,Haynes_Magyar2022figure4,Haynes_Magyar2022figure4_4,False,import error,error importing source code Haynes_Magyar2022figure4_4,"(<class 'IndentationError'>, IndentationError('expected an indented block after function definition on line 1', ('/Users/bnr01a/Documents/data/projects_current/CODEXParsons/unittests/./V3/Haynes_Magyar2022figure4/Haynes_Magyar2022figure4_4.py', 2, 1, 'count = 0\n', 2, 6)), <traceback object at 0x105351140>)"
V3/,Haynes_Magyar2022figure4,Haynes_Magyar2022figure4_6,False,import error,error importing source code Haynes_Magyar2022figure4_6,"(<class 'IndentationError'>, IndentationError('expected an indented block after function definition on line 1', ('/Users/bnr01a/Documents/data/projects_current/CODEXParsons/unittests/./V3/Haynes_Magyar2022figure4/Haynes_Magyar2022figure4_6.py', 2, 1, 'count = 0\n', 2, 6)), <traceback object at 0x1053514c0>)"
V3/,Haynes_Magyar2022figure4,Haynes_Magyar2022figure4_7,False,import error,error importing source code Haynes_Magyar2022figure4_7,"(<class 'IndentationError'>, IndentationError('expected an indented block after function definition on line 1', ('/Users/bnr01a/Documents/data/projects_current/CODEXParsons/unittests/./V3/Haynes_Magyar2022figure4/Haynes_Magyar2022figure4_7.py', 2, 1, 'count = 0\n', 2, 6)), <traceback object at 0x105351140>)"
V3/,Haynes_Magyar2022figure4,Haynes_Magyar2022figure4_10,False,import error,error importing source code Haynes_Magyar2022figure4_10,"(<class 'IndentationError'>, IndentationError('expected an indented block after function definition on line 1', ('/Users/bnr01a/Documents/data/projects_current/CODEXParsons/unittests/./V3/Haynes_Magyar2022figure4/Haynes_Magyar2022figure4_10.py', 2, 1, 'count = 0\n', 2, 6)), <traceback object at 0x105351940>)"
V3/,Haynes_Magyar2022figure4,Haynes_Magyar2022figure4_11,False,runtime error,error running Haynes_Magyar2022figure4_11,"(<class 'UnboundLocalError'>, UnboundLocalError(""local variable 'count' referenced before assignment""), <traceback object at 0x105351b40>)"
V3/,Haynes_Magyar2022figure4,Haynes_Magyar2022figure4_13,False,import error,error importing source code Haynes_Magyar2022figure4_13,"(<class 'IndentationError'>, IndentationError('expected an indented block after function definition on line 1', ('/Users/bnr01a/Documents/data/projects_current/CODEXParsons/unittests/./V3/Haynes_Magyar2022figure4/Haynes_Magyar2022figure4_13.py', 2, 1, 'count = 0\n', 2, 6)), <traceback object at 0x105351d40>)"
V3/,Haynes_Magyar2022figure4,Haynes_Magyar2022figure4_14,False,import error,error importing source code Haynes_Magyar2022figure4_14,"(<class 'IndentationError'>, IndentationError('expected an indented block after function definition on line 1', ('/Users/bnr01a/Documents/data/projects_current/CODEXParsons/unittests/./V3/Haynes_Magyar2022figure4/Haynes_Magyar2022figure4_14.py', 2, 1, 'count = 0\n', 2, 6)), <traceback object at 0x105351b00>)"
V3/,Haynes_Magyar2022figure4,Haynes_Magyar2022figure4_17,False,import error,error importing source code Haynes_Magyar2022figure4_17,"(<class 'IndentationError'>, IndentationError('expected an indented block after function definition on line 1', ('/Users/bnr01a/Documents/data/projects_current/CODEXParsons/unittests/./V3/Haynes_Magyar2022figure4/Haynes_Magyar2022figure4_17.py', 2, 1, 'count = 0\n', 2, 6)), <traceback object at 0x105352180>)"
V3/,Haynes_Magyar2022figure4,Haynes_Magyar2022figure4_19,False,import error,error importing source code Haynes_Magyar2022figure4_19,"(<class 'IndentationError'>, IndentationError('expected an indented block after function definition on line 1', ('/Users/bnr01a/Documents/data/projects_current/CODEXParsons/unittests/./V3/Haynes_Magyar2022figure4/Haynes_Magyar2022figure4_19.py', 2, 1, 'count = 0\n', 2, 6)), <traceback object at 0x105352200>)"
V3/,Karavirta2012Figure3,Karavirta2012Figure3_2,False,runtime error,error running Karavirta2012Figure3_2,"(<class 'IndexError'>, IndexError('list index out of range'), <traceback object at 0x1010c8600>)"
V3/,Karavirta2012Figure3,Karavirta2012Figure3_7,False,runtime error,error running Karavirta2012Figure3_7,"(<class 'IndexError'>, IndexError('list index out of range'), <traceback object at 0x1010c90c0>)"
V3/,Karavirta2012Figure3,Karavirta2012Figure3_8,False,runtime error,error running Karavirta2012Figure3_8,"(<class 'IndexError'>, IndexError('list index out of range'), <traceback object at 0x1010c85c0>)"
V3/,Karavirta2012Figure3,Karavirta2012Figure3_13,False,runtime error,error running Karavirta2012Figure3_13,"(<class 'UnboundLocalError'>, UnboundLocalError(""local variable 'curmax' referenced before assignment""), <traceback object at 0x1010c9c00>)"
V3/,Weinmann2021figure1,Weinmann2021figure1_4,False,import error,error importing source code Weinmann2021figure1_4,"(<class 'IndentationError'>, IndentationError('expected an indented block after function definition on line 1', ('/Users/bnr01a/Documents/data/projects_current/CODEXParsons/unittests/./V3/Weinmann2021figure1/Weinmann2021figure1_4.py', 2, 1, 'for index in range (len(li)-1,-1,-1):\n', 2, 4)), <traceback object at 0x102bbda00>)"
